date,highTemp,avgHighTemp,avgLowTemp,lowTemp,snowfall,snowfallDays
string,number,number,number,number,number,number
Date,Highest temp,Average high temp,Average low temp,Lowest temp,Snowfall,Snowfall Days
1891-01,13.3,3.1,-4.1,-11.1,375.9,6.0
1891-02,16.7,4.1,-4.2,-16.7,299.7,6.0
1891-03,12.8,4.5,-2.6,-16.1,406.4,4.0
1891-04,25.6,13.8,4.0,-2.8,0.0,0.0
1891-05,27.2,18.1,8.4,0.6,0.0,0.0
1891-06,35.6,23.0,13.6,7.2,0.0,0.0
1891-07,32.2,24.7,16.3,13.3,0.0,0.0
1891-08,32.2,24.9,17.3,12.2,0.0,0.0
1891-09,32.2,23.3,15.3,10.0,0.0,0.0
1891-10,28.3,14.8,6.9,-2.2,0.0,0.0
1891-11,18.9,9.0,1.4,-12.8,0.0,0.0
1891-12,17.8,8.6,0.8,-11.7,0.0,0.0
1892-01,17.2,2.1,-6.2,-17.2,317.5,6.0
1892-02,7.8,1.0,-5.0,-15.0,355.6,6.0
1892-03,13.3,4.3,-3.3,-10.0,515.6,5.0
1892-04,25.0,14.1,4.0,-2.8,0.0,0.0
1892-05,25.6,17.3,9.3,3.9,0.0,0.0
1892-06,35.6,25.6,16.1,9.4,0.0,0.0
1892-07,35.6,27.4,18.1,12.2,0.0,0.0
1892-08,34.4,24.9,17.6,12.8,0.0,0.0
1892-09,26.7,21.5,12.4,7.8,0.0,0.0
1892-10,25.6,15.5,7.4,2.2,0.0,0.0
1892-11,18.9,8.4,1.8,-6.7,30.5,2.0
1892-12,8.9,2.4,-4.7,-17.8,63.5,3.0
1893-01,11.7,-2.3,-10.8,-20.0,370.8,11.0
1893-02,11.7,1.8,-7.8,-18.3,896.6,11.0
1893-03,14.4,5.0,-2.9,-10.6,114.3,3.0
1893-04,20.0,11.9,2.3,-3.3,200.7,2.0
1893-05,31.1,18.0,9.1,3.3,0.0,0.0
1893-06,34.4,22.4,14.0,11.1,0.0,0.0
1893-07,32.8,26.9,17.0,12.2,0.0,0.0
1893-08,33.9,24.9,16.9,11.7,0.0,0.0
1893-09,26.7,19.9,11.2,6.1,0.0,0.0
1893-10,26.1,16.8,8.6,-1.1,0.0,0.0
1893-11,20.0,9.9,1.3,-6.7,10.2,2.0
1893-12,13.9,4.0,-6.4,-17.8,469.9,8.0
1894-01,13.3,3.0,-5.2,-16.7,381.0,6.0
1894-02,10.6,1.5,-7.5,-21.7,548.6,7.0
1894-03,21.1,10.2,1.1,-6.7,0.0,0.0
1894-04,26.1,12.5,4.0,-5.0,215.9,3.0
1894-05,31.1,19.5,9.2,3.9,0.0,0.0
1894-06,35.0,26.3,14.8,8.3,0.0,0.0
1894-07,36.1,27.9,18.4,13.3,0.0,0.0
1894-08,32.2,24.4,15.7,8.3,0.0,0.0
1894-09,31.1,22.2,14.3,5.6,0.0,0.0
1894-10,24.4,15.9,8.5,3.3,0.0,0.0
1894-11,18.9,7.5,-0.3,-9.4,162.6,4.0
1894-12,12.8,4.9,-4.0,-13.3,342.9,7.0
1895-01,12.2,2.5,-5.9,-15.6,353.1,7.0
1895-02,7.8,0.9,-8.9,-21.1,223.5,5.0
1895-03,14.4,5.1,-2.2,-10.0,96.5,6.0
1895-04,26.7,12.1,3.4,-2.8,12.7,1.0
1895-05,32.2,21.5,10.1,2.2,0.0,0.0
1895-06,35.6,23.3,15.4,10.0,0.0,0.0
1895-07,29.4,25.0,16.5,12.2,0.0,0.0
1895-08,31.7,26.3,17.0,10.0,0.0,0.0
1895-09,35.6,23.7,13.9,5.6,0.0,0.0
1895-10,21.1,14.4,5.2,0.0,0.0,0.0
1895-11,22.8,11.8,3.3,-6.1,0.0,0.0
1895-12,17.8,6.0,-2.3,-13.3,132.1,3.0
1896-01,7.2,-0.5,-7.5,-23.3,241.3,7.0
1896-02,13.3,2.8,-6.6,-23.9,241.3,7.0
1896-03,17.8,4.2,-4.2,-11.1,368.3,8.0
1896-04,28.9,13.0,3.9,-3.9,0.0,0.0
1896-05,34.4,21.0,10.4,3.3,0.0,0.0
1896-06,33.3,23.6,14.3,9.4,0.0,0.0
1896-07,33.9,26.5,17.8,13.9,0.0,0.0
1896-08,35.0,25.7,17.3,11.1,0.0,0.0
1896-09,32.2,20.9,12.6,4.4,0.0,0.0
1896-10,24.4,13.7,6.5,0.6,0.0,0.0
1896-11,22.2,12.5,3.6,-5.6,55.9,2.0
1896-12,14.4,3.1,-4.9,-15.6,218.4,2.0
1897-01,15.6,2.3,-6.2,-16.7,462.3,3.0
1897-02,11.1,3.1,-4.3,-11.1,276.9,3.0
1897-03,13.9,7.0,-1.5,-13.9,83.8,5.0
1897-04,27.2,14.6,4.3,-6.1,0.0,0.0
1897-05,24.4,18.7,9.8,3.9,0.0,0.0
1897-06,30.6,21.4,12.2,8.3,0.0,0.0
1897-07,34.4,26.2,17.8,12.8,0.0,0.0
1897-08,30.0,25.2,16.6,11.7,0.0,0.0
1897-09,34.4,22.2,12.4,5.0,0.0,0.0
1897-10,31.1,17.4,7.5,0.0,0.0,0.0
1897-11,20.0,9.8,0.7,-10.6,205.7,3.0
1897-12,17.8,4.6,-2.4,-12.8,198.1,8.0
1898-01,12.8,2.2,-5.9,-17.2,414.0,6.0
1898-02,15.0,4.3,-3.5,-15.0,292.1,2.0
1898-03,18.9,9.9,2.1,-3.9,152.4,3.0
1898-04,22.2,10.2,2.9,-5.0,55.9,4.0
1898-05,28.9,17.2,9.4,3.9,0.0,0.0
1898-06,33.3,23.1,14.4,10.0,0.0,0.0
1898-07,37.2,26.4,17.8,12.8,0.0,0.0
1898-08,34.4,27.1,18.5,12.8,0.0,0.0
1898-09,33.3,23.9,14.0,6.7,0.0,0.0
1898-10,29.4,16.2,8.5,1.7,0.0,0.0
1898-11,17.2,9.0,2.1,-5.6,452.1,3.0
1898-12,14.4,3.8,-3.9,-17.8,190.5,4.0
1899-01,13.9,3.4,-6.7,-19.4,154.9,4.0
1899-02,12.2,1.2,-6.9,-20.0,767.1,10.0
1899-03,18.3,4.8,-2.6,-9.4,236.2,9.0
1899-04,28.3,14.1,3.8,-2.2,0.0,0.0
1899-05,31.7,19.1,9.5,5.0,0.0,0.0
1899-06,33.9,26.5,15.7,11.1,0.0,0.0
1899-07,34.4,27.6,17.6,12.8,0.0,0.0
1899-08,32.2,24.5,16.3,11.7,0.0,0.0
1899-09,27.8,21.2,12.1,6.7,0.0,0.0
1899-10,25.0,16.5,8.5,1.1,0.0,0.0
1899-11,18.9,9.5,1.7,-3.9,2.5,1.0
1899-12,18.9,6.3,-1.6,-15.0,0.0,0.0
1900-01,15.6,4.2,-6.3,-13.3,210.8,5.0
1900-02,15.6,2.8,-5.8,-20.0,228.6,2.0
1900-03,15.0,6.3,-4.1,-13.9,193.0,5.0
1900-04,27.2,14.0,4.4,-2.8,0.0,0.0
1900-05,33.9,18.3,7.5,0.6,0.0,0.0
1900-06,34.4,25.6,15.1,7.8,0.0,0.0
1900-07,36.1,28.2,18.3,12.8,0.0,0.0
1900-08,36.1,26.1,17.3,11.1,0.0,0.0
1900-09,32.8,22.4,14.2,6.7,0.0,0.0
1900-10,27.8,17.5,9.9,0.0,0.0,0.0
1900-11,22.8,11.0,3.1,-6.1,2.5,1.0
1900-12,15.0,4.8,-3.2,-13.3,20.3,4.0
1901-01,10.0,1.5,-6.4,-19.4,198.1,6.0
1901-02,8.3,-0.5,-8.1,-12.2,223.5,5.0
1901-03,14.4,6.1,-1.4,-12.8,0.0,0.0
1901-04,23.9,8.9,3.9,0.6,0.0,0.0
1901-05,28.9,16.1,8.7,3.3,0.0,0.0
1901-06,36.1,25.1,15.1,9.4,0.0,0.0
1901-07,35.6,27.5,18.5,11.7,0.0,0.0
1901-08,31.1,25.2,17.8,15.0,0.0,0.0
1901-09,31.7,23.1,14.0,6.7,0.0,0.0
1901-10,24.4,17.3,7.6,1.7,0.0,0.0
1901-11,18.3,6.5,-0.6,-11.1,0.0,0.0
1901-12,17.8,4.2,-3.6,-12.8,320.0,5.0
1902-01,12.2,1.4,-7.1,-15.6,279.4,5.0
1902-02,11.1,1.7,-5.2,-11.1,330.2,6.0
1902-03,20.6,10.2,2.4,-3.3,190.5,2.0
1902-04,23.9,13.3,4.9,1.1,0.0,0.0
1902-05,31.1,19.4,9.2,1.1,0.0,0.0
1902-06,33.3,23.2,12.6,9.4,0.0,0.0
1902-07,32.8,23.9,15.9,11.1,0.0,0.0
1902-08,29.4,23.9,15.6,11.7,0.0,0.0
1902-09,31.7,20.6,13.5,8.3,0.0,0.0
1902-10,24.4,16.4,7.6,0.6,0.0,0.0
1902-11,21.1,12.5,3.3,-2.2,0.0,0.0
1902-12,14.4,2.6,-6.4,-22.2,579.1,10.0
1903-01,10.0,2.2,-5.9,-18.3,106.7,4.0
1903-02,16.7,3.6,-4.2,-16.1,373.4,3.0
1903-03,24.4,11.4,2.4,-5.0,7.6,1.0
1903-04,28.3,13.1,4.5,-3.3,0.0,0.0
1903-05,31.1,19.7,9.7,1.1,0.0,0.0
1903-06,29.4,19.0,11.9,8.9,0.0,0.0
1903-07,33.9,26.5,17.3,12.8,0.0,0.0
1903-08,30.0,21.9,14.7,11.1,0.0,0.0
1903-09,32.8,22.7,13.3,5.6,0.0,0.0
1903-10,24.4,16.1,8.3,-0.6,0.0,0.0
1903-11,23.3,8.4,0.6,-9.4,0.0,0.0
1903-12,12.8,2.6,-5.9,-16.7,269.2,6.0
1904-01,7.8,-1.7,-9.9,-21.1,906.8,13.0
1904-02,9.4,-0.4,-10.1,-18.3,419.1,7.0
1904-03,21.1,5.5,-2.7,-13.3,226.1,5.0
1904-04,21.1,11.4,2.6,-3.3,30.5,2.0
1904-05,30.6,20.8,11.2,6.1,0.0,0.0
1904-06,33.3,22.1,13.4,8.9,0.0,0.0
1904-07,31.7,26.2,17.6,13.3,0.0,0.0
1904-08,31.7,24.6,16.2,11.1,0.0,0.0
1904-09,30.0,21.5,12.4,1.7,0.0,0.0
1904-10,23.3,14.9,5.7,-2.8,0.0,0.0
1904-11,15.6,7.5,-0.6,-9.4,0.0,0.0
1904-12,9.4,0.5,-7.4,-14.4,304.8,8.0
1905-01,11.1,0.3,-7.9,-15.6,541.0,8.0
1905-02,6.1,-0.5,-9.1,-16.1,203.2,6.0
1905-03,20.6,7.3,-1.6,-11.1,91.4,3.0
1905-04,23.3,13.0,3.5,-1.1,0.0,0.0
1905-05,28.3,19.1,9.4,3.3,0.0,0.0
1905-06,32.2,23.2,13.7,7.8,0.0,0.0
1905-07,34.4,27.2,18.6,15.0,0.0,0.0
1905-08,32.2,24.2,16.5,10.6,0.0,0.0
1905-09,27.2,20.6,12.7,5.0,0.0,0.0
1905-10,26.7,16.4,7.6,0.0,0.0,0.0
1905-11,17.8,9.9,0.8,-10.6,0.0,0.0
1905-12,16.1,5.9,-2.5,-13.3,88.9,1.0
1906-01,20.0,6.6,-2.1,-12.8,154.9,5.0
1906-02,17.2,3.2,-5.8,-18.3,154.9,3.0
1906-03,13.3,4.3,-3.9,-13.3,556.3,6.0
1906-04,21.1,12.7,4.2,-2.2,0.0,0.0
1906-05,30.0,19.5,9.4,3.3,0.0,0.0
1906-06,31.1,24.0,14.2,7.8,0.0,0.0
1906-07,31.7,24.8,17.5,12.8,0.0,0.0
1906-08,33.9,26.3,18.2,13.9,0.0,0.0
1906-09,32.2,23.0,13.6,6.7,0.0,0.0
1906-10,22.8,15.1,7.7,1.7,0.0,0.0
1906-11,20.0,8.9,1.8,-5.0,27.9,2.0
1906-12,12.2,2.6,-5.8,-17.2,393.7,10.0
1907-01,14.4,1.5,-7.0,-21.7,408.9,9.0
1907-02,11.1,-1.0,-10.5,-18.9,647.7,13.0
1907-03,21.7,7.4,-0.8,-10.0,167.6,8.0
1907-04,22.8,10.8,1.9,-2.8,78.7,5.0
1907-05,27.2,15.6,7.1,0.6,0.0,0.0
1907-06,34.4,23.1,13.6,7.2,0.0,0.0
1907-07,32.8,27.1,17.8,14.4,0.0,0.0
1907-08,34.4,25.3,16.5,12.2,0.0,0.0
1907-09,30.6,22.0,14.1,6.7,0.0,0.0
1907-10,23.3,14.6,5.3,0.0,0.0,0.0
1907-11,16.1,9.5,3.0,-3.9,0.0,0.0
1907-12,17.8,6.6,-0.8,-6.7,177.8,6.0
1908-01,13.9,4.7,-5.2,-17.2,109.2,3.0
1908-02,15.6,1.4,-7.3,-18.9,236.2,4.0
1908-03,21.1,8.1,-0.8,-9.4,121.9,4.0
1908-04,29.4,13.2,3.3,-4.4,20.3,1.0
1908-05,31.1,19.5,10.4,3.9,0.0,0.0
1908-06,32.2,26.4,15.6,9.4,0.0,0.0
1908-07,36.1,28.2,18.6,14.4,0.0,0.0
1908-08,32.2,24.5,17.0,8.3,0.0,0.0
1908-09,31.1,23.2,14.4,8.3,0.0,0.0
1908-10,26.7,17.3,8.7,1.7,0.0,0.0
1908-11,18.3,10.5,2.4,-3.9,0.0,0.0
1908-12,19.4,5.0,-3.5,-12.2,88.9,3.0
1909-01,15.6,3.4,-5.3,-16.1,284.5,7.0
1909-02,15.0,4.8,-4.1,-16.1,58.4,2.0
1909-03,12.8,6.5,-1.2,-8.3,78.7,5.0
1909-04,28.3,13.4,4.1,-3.9,0.0,0.0
1909-05,28.3,17.4,9.0,3.3,0.0,0.0
1909-06,34.4,25.4,16.1,9.4,0.0,0.0
1909-07,35.0,26.8,17.1,11.7,0.0,0.0
1909-08,34.4,25.0,16.6,10.0,0.0,0.0
1909-09,27.8,21.0,13.0,7.8,0.0,0.0
1909-10,25.0,15.8,7.4,0.6,0.0,0.0
1909-11,24.4,12.0,4.0,-2.8,0.0,0.0
1909-12,13.3,2.5,-3.9,-15.6,312.4,2.0
1910-01,13.9,3.9,-3.9,-19.4,302.3,10.0
1910-02,15.6,3.2,-6.0,-19.4,320.0,5.0
1910-03,25.6,9.8,1.3,-8.3,5.1,1.0
1910-04,25.6,15.3,6.5,1.7,0.0,0.0
1910-05,30.0,18.2,10.3,4.4,0.0,0.0
1910-06,33.3,22.7,14.1,7.8,0.0,0.0
1910-07,34.4,28.5,19.2,14.4,0.0,0.0
1910-08,31.1,24.4,16.5,12.2,0.0,0.0
1910-09,27.8,21.3,12.9,8.3,0.0,0.0
1910-10,29.4,18.1,8.6,0.6,0.0,0.0
1910-11,16.1,8.1,2.1,-3.3,35.6,1.0
1910-12,12.8,1.5,-6.6,-14.4,208.3,8.0
1911-01,15.6,4.2,-4.4,-15.6,17.8,4.0
1911-02,13.3,1.3,-6.9,-15.6,495.3,11.0
1911-03,18.9,6.2,-2.3,-10.0,78.7,2.0
1911-04,26.7,12.3,3.3,-5.0,195.6,4.0
1911-05,33.3,22.3,11.6,0.6,0.0,0.0
1911-06,30.0,22.9,14.4,10.0,0.0,0.0
1911-07,40.0,30.0,20.1,13.9,0.0,0.0
1911-08,33.3,24.6,16.5,12.8,0.0,0.0
1911-09,29.4,21.0,12.9,5.0,0.0,0.0
1911-10,22.8,15.2,7.8,1.1,0.0,0.0
1911-11,20.0,9.7,1.2,-3.9,7.6,1.0
1911-12,20.0,7.6,0.5,-9.4,94.0,2.0
1912-01,11.7,-1.8,-9.9,-20.6,452.1,12.0
1912-02,13.9,1.8,-6.5,-18.3,5.1,2.0
1912-03,17.8,6.9,-2.5,-11.7,231.1,6.0
1912-04,25.0,13.2,3.8,-2.8,12.7,2.0
1912-05,30.0,19.3,10.3,5.6,0.0,0.0
1912-06,33.3,25.5,14.5,7.2,0.0,0.0
1912-07,37.2,27.8,18.0,13.3,0.0,0.0
1912-08,32.2,24.9,16.1,9.4,0.0,0.0
1912-09,32.2,21.9,13.3,4.4,0.0,0.0
1912-10,30.0,18.9,9.4,2.2,0.0,0.0
1912-11,21.1,11.7,3.5,-4.4,7.6,1.0
1912-12,20.6,7.3,-0.1,-9.4,233.7,4.0
1913-01,16.7,8.9,-0.8,-10.6,7.6,1.0
1913-02,15.6,2.4,-7.1,-16.1,195.6,5.0
1913-03,22.8,11.1,0.5,-12.2,12.7,1.0
1913-04,24.4,12.6,5.1,-1.7,35.6,2.0
1913-05,25.6,17.1,8.6,2.8,0.0,0.0
1913-06,32.8,25.2,14.3,8.3,0.0,0.0
1913-07,35.6,28.3,18.1,15.6,0.0,0.0
1913-08,35.6,26.2,16.8,13.3,0.0,0.0
1913-09,30.0,21.1,12.3,5.0,0.0,0.0
1913-10,23.3,16.6,10.6,-0.6,0.0,0.0
1913-11,21.7,12.1,4.0,-2.8,0.0,0.0
1913-12,13.3,7.2,-0.7,-7.8,22.9,2.0
1914-01,17.2,2.5,-6.2,-22.8,261.6,7.0
1914-02,13.3,0.0,-8.5,-23.9,523.2,7.0
1914-03,23.3,6.4,-1.1,-8.9,132.1,6.0
1914-04,30.6,12.1,2.7,-2.8,50.8,4.0
1914-05,35.0,21.1,10.4,3.3,0.0,0.0
1914-06,34.4,24.6,14.6,9.4,0.0,0.0
1914-07,32.2,24.5,16.2,10.6,0.0,0.0
1914-08,32.2,25.4,17.2,12.8,0.0,0.0
1914-09,34.4,23.2,12.9,1.1,0.0,0.0
1914-10,28.3,18.6,9.2,-1.7,0.0,0.0
1914-11,23.3,10.4,1.5,-6.7,0.0,0.0
1914-12,16.7,2.8,-4.6,-18.9,104.1,3.0
1915-01,16.7,4.2,-3.0,-16.1,177.8,6.0
1915-02,16.1,4.7,-3.4,-12.2,129.5,4.0
1915-03,15.6,6.8,-2.6,-10.6,0.0,0.0
1915-04,28.9,15.2,5.6,-1.1,154.9,2.0
1915-05,26.7,18.4,8.9,3.9,0.0,0.0
1915-06,30.6,21.8,13.6,6.7,0.0,0.0
1915-07,32.2,25.1,17.2,14.4,0.0,0.0
1915-08,31.7,24.6,16.6,10.6,0.0,0.0
1915-09,34.4,23.6,15.1,6.7,0.0,0.0
1915-10,25.6,17.3,9.0,2.8,0.0,0.0
1915-11,22.2,11.3,3.6,-1.7,5.1,1.0
1915-12,16.1,4.6,-2.2,-8.9,170.2,7.0
1916-01,18.9,5.4,-4.2,-15.6,121.9,5.0
1916-02,13.9,0.6,-7.8,-17.8,769.6,8.0
1916-03,12.8,3.1,-4.6,-13.9,838.2,14.0
1916-04,20.0,11.3,3.9,0.0,106.7,6.0
1916-05,29.4,19.3,10.3,6.7,0.0,0.0
1916-06,28.9,21.1,13.0,9.4,0.0,0.0
1916-07,33.9,26.8,18.3,13.3,0.0,0.0
1916-08,35.0,26.6,17.6,12.2,0.0,0.0
1916-09,32.2,23.3,13.3,6.7,0.0,0.0
1916-10,28.9,17.9,8.2,2.2,0.0,0.0
1916-11,20.0,10.2,1.6,-5.6,17.8,3.0
1916-12,15.0,3.5,-2.8,-12.2,241.3,4.0
1917-01,12.8,3.1,-5.1,-15.0,332.7,9.0
1917-02,11.7,1.0,-7.9,-19.4,226.1,5.0
1917-03,16.1,7.0,-1.1,-8.3,327.7,4.0
1917-04,22.2,10.0,3.3,-3.3,231.1,1.0
1917-05,26.7,14.3,6.5,2.2,0.0,0.0
1917-06,30.6,23.6,14.0,10.0,0.0,0.0
1917-07,36.7,27.2,18.7,13.3,0.0,0.0
1917-08,36.7,27.2,18.2,14.4,0.0,0.0
1917-09,28.3,20.1,11.3,4.4,0.0,0.0
1917-10,21.7,15.3,6.8,2.8,0.0,0.0
1917-11,18.3,8.3,0.0,-10.6,55.9,1.0
1917-12,8.9,-0.3,-8.9,-25.6,177.8,7.0
1918-01,12.2,-2.3,-9.9,-19.4,350.5,12.0
1918-02,13.9,2.6,-8.2,-23.3,144.8,7.0
1918-03,20.6,7.5,-2.3,-11.7,325.1,5.0
1918-04,24.4,13.3,4.2,-0.6,106.7,2.0
1918-05,31.7,23.0,11.8,6.7,0.0,0.0
1918-06,33.3,22.2,13.3,8.3,0.0,0.0
1918-07,36.7,26.2,17.2,12.2,0.0,0.0
1918-08,35.6,25.7,17.0,11.7,0.0,0.0
1918-09,27.2,20.4,11.9,7.2,0.0,0.0
1918-10,26.1,18.0,8.8,3.3,0.0,0.0
1918-11,18.3,10.8,3.7,-7.2,0.0,0.0
1918-12,17.2,5.1,-2.0,-10.6,213.4,6.0
1919-01,15.0,4.9,-3.5,-16.7,104.1,2.0
1919-02,11.1,4.3,-3.7,-8.9,157.5,4.0
1919-03,17.2,9.1,0.7,-9.4,61.0,3.0
1919-04,20.0,12.3,4.2,-7.2,0.0,0.0
1919-05,33.9,19.7,10.4,5.0,0.0,0.0
1919-06,36.7,24.4,14.7,9.4,0.0,0.0
1919-07,38.3,27.7,19.0,12.8,0.0,0.0
1919-08,32.2,24.7,16.2,12.8,0.0,0.0
1919-09,32.8,22.2,13.2,7.2,0.0,0.0
1919-10,27.2,17.1,8.6,0.6,0.0,0.0
1919-11,18.3,9.9,2.0,-3.9,5.1,1.0
1919-12,16.1,2.3,-5.9,-21.1,73.7,6.0
1920-01,8.9,-1.4,-10.8,-22.2,629.9,11.0
1920-02,11.1,1.4,-6.3,-21.7,825.5,11.0
1920-03,22.2,8.9,-0.8,-12.2,279.4,3.0
1920-04,19.4,11.2,3.4,-3.3,50.8,1.0
1920-05,30.0,16.5,8.6,2.2,0.0,0.0
1920-06,32.2,23.4,14.2,8.3,0.0,0.0
1920-07,32.2,27.5,17.5,13.3,0.0,0.0
1920-08,33.9,26.0,18.4,13.3,0.0,0.0
1920-09,29.4,22.7,14.2,7.2,0.0,0.0
1920-10,27.8,20.3,10.6,2.8,0.0,0.0
1920-11,17.8,9.1,1.6,-5.6,45.7,2.0
1920-12,14.4,5.4,-1.4,-15.0,139.7,3.0
1921-01,13.3,4.4,-4.3,-17.8,91.4,5.0
1921-02,15.0,4.2,-3.6,-13.3,589.3,5.0
1921-03,28.3,13.2,2.6,-6.7,0.0,0.0
1921-04,25.0,15.3,6.6,0.0,0.0,0.0
1921-05,33.9,19.0,10.0,5.0,0.0,0.0
1921-06,33.9,25.1,15.2,9.4,0.0,0.0
1921-07,35.0,26.8,19.0,14.4,0.0,0.0
1921-08,33.3,25.4,16.4,12.8,0.0,0.0
1921-09,33.9,24.9,15.6,11.7,0.0,0.0
1921-10,26.1,17.7,8.1,-0.6,0.0,0.0
1921-11,22.2,8.7,1.9,-3.9,40.6,2.0
1921-12,14.4,3.6,-4.4,-16.7,111.8,7.0
1922-01,10.6,1.2,-6.5,-17.8,68.6,3.0
1922-02,13.3,4.3,-4.3,-20.0,393.7,7.0
1922-03,26.1,8.8,-0.1,-10.0,149.9,2.0
1922-04,29.4,14.3,4.3,-1.7,83.8,2.0
1922-05,30.0,21.6,11.1,6.1,0.0,0.0
1922-06,33.3,24.7,16.0,11.1,0.0,0.0
1922-07,33.9,26.5,18.0,14.4,0.0,0.0
1922-08,33.9,25.2,17.4,12.2,0.0,0.0
1922-09,28.9,22.9,14.0,5.6,0.0,0.0
1922-10,30.6,17.7,7.9,-2.2,0.0,0.0
1922-11,18.9,10.1,3.0,-4.4,22.9,2.0
1922-12,16.1,2.9,-4.2,-13.3,373.4,8.0
1923-01,12.8,1.3,-7.0,-15.0,642.6,14.0
1923-02,7.2,-0.8,-8.5,-16.7,365.8,7.0
1923-03,19.4,5.8,-3.8,-15.6,269.2,5.0
1923-04,30.6,14.4,3.5,-10.6,0.0,0.0
1923-05,31.7,19.2,9.2,1.7,0.0,0.0
1923-06,35.6,26.1,15.4,8.3,0.0,0.0
1923-07,34.4,25.4,16.8,13.3,0.0,0.0
1923-08,34.4,25.6,15.9,10.6,0.0,0.0
1923-09,27.8,22.2,13.7,8.3,0.0,0.0
1923-10,27.2,17.5,8.6,1.7,0.0,0.0
1923-11,16.7,10.8,3.2,-2.2,0.0,0.0
1923-12,16.7,8.1,1.3,-7.2,76.2,3.0
1924-01,16.1,4.7,-4.8,-21.1,215.9,4.0
1924-02,6.7,1.0,-6.8,-12.2,200.7,6.0
1924-03,15.0,6.4,-0.2,-6.1,188.0,3.0
1924-04,20.6,12.7,4.2,-2.2,76.2,1.0
1924-05,24.4,17.5,9.3,5.6,0.0,0.0
1924-06,32.2,23.9,14.6,8.9,0.0,0.0
1924-07,35.0,28.3,18.2,14.4,0.0,0.0
1924-08,36.7,26.4,18.0,13.3,0.0,0.0
1924-09,32.2,21.1,12.5,6.7,0.0,0.0
1924-10,27.2,17.4,7.7,2.2,0.0,0.0
1924-11,24.4,11.5,2.9,-10.0,12.7,1.0
1924-12,17.8,3.8,-4.8,-18.3,5.1,1.0
1925-01,8.9,1.6,-7.0,-17.8,525.8,10.0
1925-02,15.0,7.4,-0.7,-10.0,0.0,0.0
1925-03,22.2,10.8,1.5,-11.7,0.0,0.0
1925-04,27.8,14.6,5.1,-0.6,0.0,0.0
1925-05,28.3,19.1,9.1,5.6,0.0,0.0
1925-06,37.8,27.1,16.1,11.7,0.0,0.0
1925-07,35.0,27.0,17.8,12.2,0.0,0.0
1925-08,33.3,26.6,16.8,10.0,0.0,0.0
1925-09,32.2,22.3,13.3,5.0,0.0,0.0
1925-10,26.1,13.9,5.5,-1.1,0.0,0.0
1925-11,18.9,10.7,2.2,-10.0,0.0,0.0
1925-12,15.0,4.2,-2.4,-15.6,12.7,1.0
1926-01,13.3,3.5,-4.6,-15.6,188.0,3.0
1926-02,8.9,1.8,-6.4,-11.7,693.4,11.0
1926-03,15.6,5.3,-2.8,-11.1,71.1,4.0
1926-04,25.6,11.9,2.4,-6.1,0.0,0.0
1926-05,28.9,18.0,8.7,5.0,0.0,0.0
1926-06,31.1,22.8,13.1,7.8,0.0,0.0
1926-07,39.4,25.8,17.0,13.3,0.0,0.0
1926-08,34.4,25.3,17.3,12.8,0.0,0.0
1926-09,31.7,21.1,12.7,8.3,0.0,0.0
1926-10,28.9,16.8,7.0,1.7,0.0,0.0
1926-11,21.7,11.3,2.3,-6.7,0.0,0.0
1926-12,10.6,2.3,-6.1,-15.6,614.7,9.0
1927-01,11.1,3.4,-4.8,-17.8,408.9,7.0
1927-02,9.4,4.1,-3.4,-11.7,0.0,0.0
1927-03,20.6,9.7,0.9,-8.9,15.2,2.0
1927-04,31.7,14.4,3.7,-1.7,5.1,1.0
1927-05,25.0,17.0,8.8,5.0,0.0,0.0
1927-06,32.2,23.1,13.7,10.0,0.0,0.0
1927-07,35.0,26.8,17.8,11.7,0.0,0.0
1927-08,29.4,23.9,15.5,12.2,0.0,0.0
1927-09,29.4,23.0,13.6,10.0,0.0,0.0
1927-10,31.7,19.1,9.6,2.2,0.0,0.0
1927-11,24.4,14.2,5.4,-3.3,12.7,1.0
1927-12,18.3,6.5,-2.2,-10.6,0.0,0.0
1928-01,14.4,4.4,-3.4,-11.7,129.5,7.0
1928-02,12.2,3.2,-5.9,-18.3,221.0,4.0
1928-03,21.1,7.0,-1.5,-8.3,165.1,2.0
1928-04,28.9,13.2,3.2,-2.2,0.0,0.0
1928-05,23.3,17.1,8.8,5.0,0.0,0.0
1928-06,32.2,22.6,14.1,10.6,0.0,0.0
1928-07,34.4,27.3,18.5,13.9,0.0,0.0
1928-08,35.6,27.2,19.0,14.4,0.0,0.0
1928-09,29.4,21.0,12.7,5.6,0.0,0.0
1928-10,31.1,18.9,8.5,-2.2,0.0,0.0
1928-11,24.4,11.2,3.0,-7.8,35.6,3.0
1928-12,16.1,7.1,0.2,-8.3,116.8,3.0
1929-01,15.6,2.7,-6.0,-14.4,330.2,8.0
1929-02,13.3,3.5,-3.8,-10.0,497.8,8.0
1929-03,20.6,9.9,0.6,-12.8,91.4,4.0
1929-04,28.9,11.9,4.3,-1.7,0.0,0.0
1929-05,35.6,22.2,10.0,5.6,0.0,0.0
1929-06,34.4,25.3,15.0,7.2,0.0,0.0
1929-07,34.4,27.9,17.2,12.2,0.0,0.0
1929-08,32.2,25.8,15.6,12.2,0.0,0.0
1929-09,36.1,23.2,13.7,4.4,0.0,0.0
1929-10,25.6,16.6,7.0,1.1,0.0,0.0
1929-11,25.0,10.7,3.4,-11.1,81.3,2.0
1929-12,11.1,4.0,-3.3,-13.9,269.2,8.0
1930-01,17.8,4.1,-4.3,-13.3,190.5,7.0
1930-02,20.0,6.2,-3.8,-18.3,259.1,7.0
1930-03,15.6,7.7,-0.9,-7.2,15.2,1.0
1930-04,25.6,13.9,3.3,-3.3,0.0,0.0
1930-05,35.0,20.2,10.6,7.2,0.0,0.0
1930-06,35.0,27.7,17.1,7.2,0.0,0.0
1930-07,34.4,27.0,18.3,14.4,0.0,0.0
1930-08,36.7,25.8,17.0,11.7,0.0,0.0
1930-09,32.8,25.9,15.7,9.4,0.0,0.0
1930-10,30.6,15.8,7.5,1.1,0.0,0.0
1930-11,21.7,11.1,3.5,-8.9,2.5,1.0
1930-12,14.4,4.2,-2.8,-15.6,195.6,2.0
1931-01,12.8,3.3,-5.0,-13.9,297.2,5.0
1931-02,9.4,3.4,-5.2,-17.2,355.6,7.0
1931-03,13.9,7.1,1.0,-2.8,185.4,5.0
1931-04,25.6,14.9,5.3,0.0,0.0,0.0
1931-05,34.4,21.2,10.3,2.8,0.0,0.0
1931-06,36.1,24.1,14.9,8.9,0.0,0.0
1931-07,36.1,27.4,19.3,15.6,0.0,0.0
1931-08,36.1,26.5,18.2,14.4,0.0,0.0
1931-09,35.0,23.9,14.8,7.8,0.0,0.0
1931-10,28.9,19.4,10.0,4.4,0.0,0.0
1931-11,25.6,13.8,5.6,-3.9,0.0,0.0
1931-12,16.1,6.8,-1.7,-10.0,35.6,2.0
1932-01,20.6,7.3,0.2,-7.8,30.5,4.0
1932-02,12.8,3.3,-4.8,-11.7,,
1932-03,17.2,6.3,-2.3,-11.1,147.3,5.0
1932-04,24.4,13.2,4.0,-2.2,0.0,0.0
1932-05,33.9,21.1,10.3,6.1,0.0,0.0
1932-06,31.1,24.3,14.0,5.6,0.0,0.0
1932-07,32.2,27.8,17.5,13.9,0.0,0.0
1932-08,32.8,28.1,18.6,15.0,0.0,0.0
1932-09,30.6,22.9,13.9,4.4,0.0,0.0
1932-10,27.2,17.9,10.0,3.3,0.0,0.0
1932-11,18.9,10.6,1.4,-13.3,0.0,0.0
1932-12,18.9,7.6,-0.9,-17.8,218.4,6.0
1933-01,15.6,7.2,-0.7,-12.8,33.0,4.0
1933-02,18.9,5.5,-3.6,-12.8,523.2,5.0
1933-03,15.6,5.3,-1.2,-11.7,129.5,8.0
1933-04,24.4,11.8,4.3,-1.7,127.0,1.0
1933-05,32.2,21.6,11.4,4.4,0.0,0.0
1933-06,37.2,26.4,15.2,8.3,0.0,0.0
1933-07,36.7,26.2,16.9,11.1,0.0,0.0
1933-08,35.0,26.4,17.8,12.8,0.0,0.0
1933-09,30.0,23.0,14.5,8.3,0.0,0.0
1933-10,23.9,16.0,7.0,-2.8,0.0,0.0
1933-11,21.1,8.2,-1.1,-11.1,73.7,3.0
1933-12,10.0,1.6,-7.3,-27.2,396.2,7.0
1934-01,13.3,2.9,-5.5,-18.9,20.3,4.0
1934-02,6.7,-2.7,-13.4,-27.8,835.7,7.0
1934-03,20.0,6.6,-3.3,-14.4,266.7,4.0
1934-04,22.2,13.5,4.2,0.0,0.0,0.0
1934-05,30.6,21.2,10.6,5.0,0.0,0.0
1934-06,34.4,24.3,14.5,10.0,0.0,0.0
1934-07,33.9,27.5,18.2,13.9,0.0,0.0
1934-08,30.0,24.0,15.3,10.0,0.0,0.0
1934-09,27.2,21.3,14.8,11.1,0.0,0.0
1934-10,21.7,13.4,6.1,0.0,0.0,0.0
1934-11,20.6,11.6,3.5,-5.0,0.0,0.0
1934-12,18.3,2.2,-6.1,-16.1,40.6,4.0
1935-01,13.3,-0.3,-9.5,-20.6,,
1935-02,11.7,2.4,-6.9,-18.3,322.6,6.0
1935-03,21.7,8.3,-1.2,-8.9,53.3,3.0
1935-04,28.9,11.0,3.6,-2.2,48.3,3.0
1935-05,29.4,17.8,8.3,2.8,0.0,0.0
1935-06,31.7,22.9,14.3,10.0,0.0,0.0
1935-07,33.3,26.6,18.5,14.4,0.0,0.0
1935-08,32.2,26.0,17.1,11.1,0.0,0.0
1935-09,26.7,20.7,12.0,5.6,0.0,0.0
1935-10,25.6,17.0,7.2,0.0,0.0,0.0
1935-11,21.7,10.9,4.0,-6.7,25.4,1.0
1935-12,7.2,0.7,-6.1,-16.1,7.6,1.0
1936-01,12.2,1.8,-6.1,-15.6,335.3,6.0
1936-02,7.8,-1.1,-9.2,-15.6,320.0,4.0
1936-03,21.1,9.5,1.3,-9.4,83.8,3.0
1936-04,26.7,11.5,3.2,-1.7,0.0,0.0
1936-05,32.8,21.7,10.1,1.1,0.0,0.0
1936-06,29.4,23.7,14.6,11.1,0.0,0.0
1936-07,36.7,26.7,16.8,13.9,0.0,0.0
1936-08,34.4,25.6,16.3,12.2,0.0,0.0
1936-09,32.2,21.1,12.9,5.0,0.0,0.0
1936-10,26.1,17.1,7.8,-3.9,0.0,0.0
1936-11,23.9,8.6,-0.3,-10.6,111.8,2.0
1936-12,15.0,6.0,-2.8,-12.2,17.8,1.0
1937-01,17.8,7.4,-1.4,-9.4,50.8,4.0
1937-02,13.3,4.4,-3.0,-12.2,0.0,0.0
1937-03,13.9,5.4,-3.0,-9.4,48.3,5.0
1937-04,21.7,11.2,3.5,-0.6,0.0,0.0
1937-05,33.9,20.1,10.1,5.6,0.0,0.0
1937-06,35.0,23.4,14.8,11.7,0.0,0.0
1937-07,37.2,27.6,18.2,12.8,0.0,0.0
1937-08,36.7,28.2,19.0,13.9,0.0,0.0
1937-09,33.9,21.4,12.9,7.2,0.0,0.0
1937-10,23.3,15.7,7.2,0.0,0.0,0.0
1937-11,18.9,10.7,2.6,-5.0,7.6,1.0
1937-12,10.0,3.0,-3.9,-8.9,116.8,3.0
1938-01,13.9,1.8,-6.2,-16.1,787.4,8.0
1938-02,11.7,3.3,-4.9,-13.3,254.0,5.0
1938-03,25.6,8.5,-0.6,-13.9,10.2,2.0
1938-04,31.7,14.0,4.6,-3.9,22.9,1.0
1938-05,27.2,17.6,8.8,5.0,22.9,1.0
1938-06,33.9,24.5,14.6,8.9,0.0,0.0
1938-07,32.2,26.3,17.9,12.2,0.0,0.0
1938-08,34.4,27.8,18.5,13.3,0.0,0.0
1938-09,27.8,21.3,12.3,7.2,0.0,0.0
1938-10,30.6,17.5,9.2,3.3,0.0,0.0
1938-11,25.0,12.4,3.6,-11.1,127.0,2.0
1938-12,13.9,4.5,-2.3,-10.6,48.3,4.0
1939-01,12.8,1.7,-6.3,-15.6,190.5,11.0
1939-02,18.9,4.8,-4.4,-12.8,119.4,4.0
1939-03,14.4,4.5,-3.3,-12.8,464.8,6.0
1939-04,20.6,10.2,2.8,-3.3,5.1,1.0
1939-05,32.2,18.2,8.9,3.9,0.0,0.0
1939-06,31.1,22.9,14.5,11.1,0.0,0.0
1939-07,33.9,27.2,17.5,13.3,0.0,0.0
1939-08,33.3,27.5,19.0,15.6,0.0,0.0
1939-09,35.6,23.0,13.1,7.2,0.0,0.0
1939-10,30.6,17.3,7.3,-0.6,0.0,0.0
1939-11,16.1,9.1,0.6,-6.1,25.4,1.0
1939-12,13.9,4.7,-3.1,-14.4,165.1,3.0
1940-01,11.1,-1.3,-8.7,-13.3,116.8,6.0
1940-02,8.3,2.2,-4.9,-12.2,604.5,9.0
1940-03,15.6,4.2,-2.9,-10.0,7.6,1.0
1940-04,23.9,10.4,2.5,-3.3,38.1,1.0
1940-05,23.9,17.6,9.4,6.1,0.0,0.0
1940-06,32.2,23.1,13.7,7.8,0.0,0.0
1940-07,35.0,26.6,17.3,12.8,0.0,0.0
1940-08,30.0,24.8,15.7,7.8,0.0,0.0
1940-09,30.0,21.8,12.9,5.6,0.0,0.0
1940-10,25.0,14.9,5.8,-2.2,0.0,0.0
1940-11,21.7,9.7,2.4,-8.3,215.9,3.0
1940-12,14.4,5.5,-2.9,-16.7,114.3,2.0
1941-01,8.9,-0.2,-7.3,-16.1,518.2,8.0
1941-02,8.3,2.5,-5.4,-13.3,48.3,2.0
1941-03,13.3,4.7,-3.2,-11.1,317.5,7.0
1941-04,31.7,16.0,5.8,0.0,0.0,0.0
1941-05,33.3,20.6,10.3,2.2,0.0,0.0
1941-06,35.6,25.1,15.1,10.0,0.0,0.0
1941-07,35.6,26.1,17.7,13.9,0.0,0.0
1941-08,34.4,26.6,16.3,11.7,0.0,0.0
1941-09,34.4,24.6,13.2,4.4,0.0,0.0
1941-10,28.9,18.2,8.4,-1.7,0.0,0.0
1941-11,23.9,13.7,4.1,-3.3,0.0,0.0
1941-12,15.0,5.9,-2.3,-13.9,5.1,1.0
1942-01,15.6,2.4,-6.3,-17.2,208.3,3.0
1942-02,8.9,1.3,-6.6,-17.2,157.5,4.0
1942-03,18.3,8.5,1.3,-1.1,198.1,4.0
1942-04,30.0,14.7,5.0,0.0,38.1,1.0
1942-05,31.1,20.8,11.1,6.7,0.0,0.0
1942-06,32.8,24.1,15.2,8.9,0.0,0.0
1942-07,33.9,26.0,17.5,14.4,0.0,0.0
1942-08,33.3,25.8,17.2,10.0,0.0,0.0
1942-09,32.8,22.3,13.8,3.9,0.0,0.0
1942-10,27.8,17.5,9.0,2.2,0.0,0.0
1942-11,21.7,10.6,2.2,-6.7,0.0,0.0
1942-12,15.0,1.9,-5.7,-23.9,172.7,4.0
1943-01,8.3,-0.2,-7.0,-16.1,670.6,7.0
1943-02,17.2,3.7,-5.3,-25.6,114.3,3.0
1943-03,20.0,6.4,-2.0,-14.4,203.2,2.0
1943-04,23.9,10.9,1.8,-6.7,0.0,0.0
1943-05,29.4,18.7,9.7,1.7,0.0,0.0
1943-06,36.1,27.4,16.0,9.4,0.0,0.0
1943-07,33.9,28.2,18.6,11.7,0.0,0.0
1943-08,34.4,26.0,17.3,13.3,0.0,0.0
1943-09,29.4,21.4,12.9,6.7,0.0,0.0
1943-10,27.2,16.0,8.2,1.7,0.0,0.0
1943-11,19.4,10.1,2.5,-4.4,0.0,0.0
1943-12,11.1,3.3,-6.0,-17.8,7.6,1.0
1944-01,14.4,2.8,-4.0,-14.4,129.5,4.0
1944-02,12.8,3.2,-5.9,-13.9,243.8,3.0
1944-03,17.8,5.3,-2.9,-12.2,322.6,6.0
1944-04,23.9,11.0,3.1,-1.7,0.0,0.0
1944-05,35.6,22.7,12.0,4.4,0.0,0.0
1944-06,35.0,24.3,14.6,8.3,0.0,0.0
1944-07,35.0,28.1,18.4,15.0,0.0,0.0
1944-08,38.3,29.0,18.4,11.7,0.0,0.0
1944-09,32.2,22.6,14.1,5.6,0.0,0.0
1944-10,30.0,16.7,7.4,-1.1,0.0,0.0
1944-11,20.6,10.1,2.3,-1.7,30.5,1.0
1944-12,10.0,3.5,-4.8,-13.3,175.3,4.0
1945-01,15.0,-0.3,-8.9,-20.0,617.2,10.0
1945-02,10.6,3.0,-4.6,-11.7,668.0,12.0
1945-03,30.0,12.8,3.1,-4.4,12.7,2.0
1945-04,29.4,16.2,6.6,0.6,0.0,0.0
1945-05,26.1,17.2,8.5,1.7,0.0,0.0
1945-06,35.6,23.9,14.4,5.0,0.0,0.0
1945-07,33.9,26.5,17.8,12.8,0.0,0.0
1945-08,34.4,26.3,16.7,12.8,0.0,0.0
1945-09,35.0,24.3,14.7,4.4,0.0,0.0
1945-10,28.9,16.6,6.8,1.1,0.0,0.0
1945-11,23.3,11.5,3.5,-3.9,124.5,4.0
1945-12,11.1,1.6,-5.4,-13.3,624.8,6.0
1946-01,13.9,2.3,-6.4,-19.4,248.9,8.0
1946-02,15.0,2.6,-7.4,-15.6,248.9,7.0
1946-03,29.4,13.9,3.0,-4.4,5.1,1.0
1946-04,18.9,12.0,3.7,-4.4,38.1,2.0
1946-05,30.6,19.6,9.3,2.2,0.0,0.0
1946-06,34.4,25.1,14.4,7.2,0.0,0.0
1946-07,35.6,26.5,16.7,12.2,0.0,0.0
1946-08,32.2,23.9,15.9,11.1,0.0,0.0
1946-09,31.1,23.4,14.3,7.2,0.0,0.0
1946-10,30.0,20.0,9.3,3.3,0.0,0.0
1946-11,22.2,12.9,4.7,-2.8,0.0,0.0
1946-12,17.2,6.2,-3.2,-13.3,124.5,5.0
1947-01,16.1,4.9,-4.3,-13.3,101.6,4.0
1947-02,11.7,3.2,-5.9,-13.3,228.6,3.0
1947-03,14.4,7.2,-0.9,-5.6,22.9,2.0
1947-04,23.9,13.1,3.7,-1.1,15.2,3.0
1947-05,30.6,18.8,8.9,2.2,0.0,0.0
1947-06,31.7,23.6,13.5,7.8,0.0,0.0
1947-07,32.2,27.9,19.2,15.0,0.0,0.0
1947-08,37.2,27.7,18.0,12.2,0.0,0.0
1947-09,31.1,23.0,13.4,2.8,0.0,0.0
1947-10,31.7,21.9,10.9,3.3,0.0,0.0
1947-11,15.0,8.7,1.5,-3.9,27.9,2.0
1947-12,15.6,3.3,-5.0,-11.1,680.7,10.0
1948-01,7.2,-1.0,-8.7,-19.4,825.5,12.0
1948-02,12.2,2.0,-7.6,-16.7,431.8,9.0
1948-03,22.2,8.4,-1.7,-17.2,299.7,4.0
1948-04,23.3,13.6,4.1,-1.1,0.0,0.0
1948-05,28.3,16.7,8.8,5.6,0.0,0.0
1948-06,33.3,22.1,13.1,8.3,0.0,0.0
1948-07,35.6,28.8,18.4,11.7,0.0,0.0
1948-08,37.8,28.0,18.4,14.4,0.0,0.0
1948-09,32.2,24.0,13.5,6.7,0.0,0.0
1948-10,26.1,16.8,7.9,0.6,0.0,0.0
1948-11,22.8,13.4,6.2,-2.2,27.9,1.0
1948-12,14.4,5.9,-1.1,-13.9,139.7,2.0
1949-01,15.6,5.4,-2.4,-10.0,348.0,6.0
1949-02,16.1,5.6,-2.9,-13.9,175.3,6.0
1949-03,21.7,8.4,-0.5,-10.6,251.5,4.0
1949-04,25.0,15.1,5.8,0.6,0.0,0.0
1949-05,32.2,21.1,10.4,5.6,0.0,0.0
1949-06,35.0,27.6,16.3,10.6,0.0,0.0
1949-07,37.8,29.6,19.6,15.0,0.0,0.0
1949-08,38.3,28.5,18.6,12.2,0.0,0.0
1949-09,29.4,21.7,12.9,6.7,0.0,0.0
1949-10,30.0,19.2,10.1,2.8,0.0,0.0
1949-11,20.0,10.6,2.2,-9.4,35.6,2.0
1949-12,17.8,6.8,-1.5,-9.4,61.0,2.0
1950-01,22.2,7.1,-2.4,-14.4,200.7,4.0
1950-02,11.1,1.9,-6.4,-18.3,386.1,7.0
1950-03,21.1,5.8,-4.0,-16.7,129.5,4.0
1950-04,23.9,12.7,3.6,-2.2,0.0,0.0
1950-05,26.7,17.9,8.5,1.7,0.0,0.0
1950-06,33.9,26.3,14.8,10.0,0.0,0.0
1950-07,33.9,28.0,18.1,13.3,0.0,0.0
1950-08,30.6,26.1,17.1,13.3,0.0,0.0
1950-09,30.0,20.8,12.0,3.3,0.0,0.0
1950-10,29.4,18.0,9.0,0.6,0.0,0.0
1950-11,28.3,13.1,4.4,-2.8,0.0,0.0
1950-12,17.2,5.6,-1.6,-15.6,68.6,5.0
1951-01,16.1,5.5,-3.3,-17.2,353.1,8.0
1951-02,18.9,6.1,-3.1,-13.3,233.7,6.0
1951-03,18.3,7.4,0.4,-6.1,99.1,5.0
1951-04,23.3,15.1,6.0,2.8,0.0,0.0
1951-05,32.8,20.2,9.9,5.0,0.0,0.0
1951-06,32.8,23.3,14.5,10.6,0.0,0.0
1951-07,33.3,28.0,18.6,15.6,0.0,0.0
1951-08,31.7,26.0,16.9,12.2,0.0,0.0
1951-09,32.2,23.4,13.9,3.9,0.0,0.0
1951-10,22.2,16.5,8.8,2.8,0.0,0.0
1951-11,21.7,10.2,1.5,-8.9,0.0,0.0
1951-12,17.8,5.8,-2.5,-12.8,213.4,4.0
1952-01,12.8,4.6,-4.0,-17.2,271.8,9.0
1952-02,11.1,3.9,-3.3,-10.0,289.6,8.0
1952-03,17.2,6.2,-0.4,-8.3,35.6,4.0
1952-04,26.7,14.5,6.0,1.1,0.0,0.0
1952-05,27.8,18.4,9.6,3.9,0.0,0.0
1952-06,37.8,26.5,16.4,12.8,0.0,0.0
1952-07,37.8,30.4,20.1,13.3,0.0,0.0
1952-08,32.8,26.8,17.9,12.2,0.0,0.0
1952-09,32.2,23.9,14.2,7.8,0.0,0.0
1952-10,25.6,16.6,6.7,-0.6,0.0,0.0
1952-11,21.7,10.6,3.6,-2.2,0.0,0.0
1952-12,11.1,5.2,-1.2,-12.8,61.0,4.0
1953-01,14.4,5.2,-2.2,-9.4,345.4,9.0
1953-02,15.6,5.8,-2.5,-12.2,289.6,6.0
1953-03,20.6,7.7,0.1,-12.2,5.1,2.0
1953-04,21.7,13.2,5.6,0.0,55.9,2.0
1953-05,30.0,19.3,10.0,3.9,0.0,0.0
1953-06,36.7,26.9,15.8,9.4,0.0,0.0
1953-07,35.6,27.8,18.0,13.9,0.0,0.0
1953-08,36.7,27.1,17.3,12.8,0.0,0.0
1953-09,37.8,23.9,14.2,4.4,0.0,0.0
1953-10,26.7,17.8,9.0,3.3,0.0,0.0
1953-11,23.3,13.2,5.2,-1.1,0.0,0.0
1953-12,17.8,8.9,0.1,-11.1,0.0,0.0
1954-01,11.7,0.8,-7.5,-16.1,487.7,13.0
1954-02,16.1,6.6,-1.7,-18.3,48.3,6.0
1954-03,21.1,8.2,-0.6,-6.1,10.2,2.0
1954-04,29.4,15.5,4.6,-8.3,53.3,1.0
1954-05,29.4,17.4,9.6,5.6,0.0,0.0
1954-06,33.9,23.4,15.0,9.4,0.0,0.0
1954-07,35.0,26.9,17.7,15.0,0.0,0.0
1954-08,33.3,25.8,16.6,11.1,0.0,0.0
1954-09,28.9,21.4,13.3,8.3,0.0,0.0
1954-10,32.2,19.1,10.4,2.8,0.0,0.0
1954-11,18.9,10.7,3.0,-2.2,0.0,0.0
1954-12,13.9,5.1,-2.5,-8.9,261.6,5.0
1955-01,7.2,1.5,-5.4,-12.2,22.9,6.0
1955-02,13.9,4.0,-4.0,-18.3,165.1,4.0
1955-03,17.2,7.1,-0.9,-8.3,177.8,8.0
1955-04,25.6,13.5,5.6,0.6,10.2,1.0
1955-05,31.7,22.9,11.3,5.6,0.0,0.0
1955-06,33.3,23.9,14.7,10.0,0.0,0.0
1955-07,36.7,30.2,19.9,15.0,0.0,0.0
1955-08,37.8,28.0,19.2,12.2,0.0,0.0
1955-09,32.2,22.9,13.2,6.1,0.0,0.0
1955-10,27.8,16.9,8.9,1.1,0.0,0.0
1955-11,15.6,8.6,2.4,-5.6,63.5,2.0
1955-12,8.9,0.6,-6.6,-18.9,45.7,5.0
1956-01,6.7,2.1,-3.6,-15.0,195.6,5.0
1956-02,11.7,3.8,-3.2,-12.8,368.3,11.0
1956-03,11.1,4.2,-2.5,-10.6,792.5,11.0
1956-04,28.3,11.8,3.3,0.0,81.3,2.0
1956-05,33.9,18.6,7.4,1.1,0.0,0.0
1956-06,36.1,25.6,15.4,8.3,0.0,0.0
1956-07,33.9,26.5,17.6,12.8,0.0,0.0
1956-08,33.9,26.8,17.5,13.3,0.0,0.0
1956-09,30.0,20.1,12.3,5.0,0.0,0.0
1956-10,30.6,16.8,8.0,1.7,0.0,0.0
1956-11,21.7,12.2,3.5,-6.7,15.2,1.0
1956-12,16.7,6.2,-1.8,-13.3,391.2,8.0
1957-01,14.4,-0.2,-9.4,-24.4,523.2,8.0
1957-02,20.0,5.6,-2.6,-10.6,71.1,3.0
1957-03,17.2,7.7,0.1,-6.7,292.1,4.0
1957-04,31.1,14.4,4.9,-0.6,27.9,3.0
1957-05,31.7,20.6,10.4,2.8,0.0,0.0
1957-06,35.0,27.2,16.4,10.6,0.0,0.0
1957-07,36.7,28.3,18.5,14.4,0.0,0.0
1957-08,35.6,25.3,16.1,11.1,0.0,0.0
1957-09,33.9,24.4,14.8,4.4,0.0,0.0
1957-10,25.6,16.9,8.2,1.7,0.0,0.0
1957-11,21.1,12.3,4.5,-8.3,2.5,1.0
1957-12,17.2,8.2,0.6,-8.3,0.0,0.0
1958-01,11.7,2.9,-4.0,-15.6,167.6,7.0
1958-02,7.2,0.0,-7.2,-20.0,607.1,9.0
1958-03,14.4,6.5,1.3,-2.8,304.8,6.0
1958-04,25.6,13.5,5.1,-1.1,53.3,1.0
1958-05,26.7,18.0,9.2,3.9,0.0,0.0
1958-06,31.7,22.0,13.4,8.9,0.0,0.0
1958-07,33.9,26.6,18.3,14.4,0.0,0.0
1958-08,32.2,27.2,17.7,13.3,0.0,0.0
1958-09,31.7,22.7,13.5,7.8,0.0,0.0
1958-10,27.8,15.5,7.4,0.6,0.0,0.0
1958-11,19.4,12.2,3.9,-7.8,2.5,1.0
1958-12,12.2,0.8,-7.0,-14.4,116.8,6.0
1959-01,16.7,2.6,-6.2,-16.7,104.1,7.0
1959-02,12.2,1.9,-7.8,-17.8,271.8,7.0
1959-03,21.1,7.0,-1.5,-7.8,370.8,10.0
1959-04,23.9,13.8,5.0,0.6,0.0,0.0
1959-05,33.9,22.6,11.4,5.6,0.0,0.0
1959-06,35.6,22.7,13.6,8.3,0.0,0.0
1959-07,33.3,28.5,18.9,15.0,0.0,0.0
1959-08,35.6,27.7,19.1,12.8,0.0,0.0
1959-09,33.3,24.7,15.4,6.7,0.0,0.0
1959-10,29.4,16.8,8.8,0.6,0.0,0.0
1959-11,22.8,11.1,2.7,-5.6,15.2,2.0
1959-12,16.1,5.8,-1.1,-11.1,139.7,6.0
1960-01,13.9,2.8,-4.0,-12.8,259.1,7.0
1960-02,13.3,5.6,-2.0,-6.7,58.4,6.0
1960-03,16.7,4.2,-3.4,-12.2,566.4,6.0
1960-04,25.6,13.5,4.6,-0.6,0.0,0.0
1960-05,28.3,19.7,11.1,6.1,0.0,0.0
1960-06,32.8,25.6,16.1,10.6,0.0,0.0
1960-07,33.3,27.7,17.9,15.0,0.0,0.0
1960-08,33.9,26.7,18.0,12.8,0.0,0.0
1960-09,33.9,21.4,13.9,8.9,0.0,0.0
1960-10,24.4,16.5,7.8,-0.6,0.0,0.0
1960-11,19.4,13.0,4.8,-2.2,0.0,0.0
1960-12,13.9,2.8,-5.6,-13.9,429.3,5.0
1961-01,13.3,0.1,-7.9,-15.6,475.0,7.0
1961-02,18.3,4.0,-4.5,-20.0,378.5,3.0
1961-03,18.3,6.7,-1.3,-8.9,228.6,7.0
1961-04,21.7,11.2,3.5,0.0,50.8,4.0
1961-05,31.1,18.0,9.0,3.3,0.0,0.0
1961-06,35.0,25.9,15.1,9.4,0.0,0.0
1961-07,32.8,26.6,18.0,13.9,0.0,0.0
1961-08,33.3,27.0,17.9,12.8,0.0,0.0
1961-09,34.4,24.9,16.1,7.8,0.0,0.0
1961-10,27.2,18.3,9.7,1.7,0.0,0.0
1961-11,24.4,10.4,3.7,-2.8,22.9,3.0
1961-12,13.9,3.6,-2.7,-11.7,289.6,4.0
1962-01,13.3,2.6,-6.3,-14.4,63.5,2.0
1962-02,16.1,1.5,-7.3,-18.3,729.0,12.0
1962-03,23.9,7.4,-0.2,-13.9,27.9,4.0
1962-04,32.8,15.0,4.3,-0.6,2.5,1.0
1962-05,32.8,18.7,9.3,4.4,0.0,0.0
1962-06,33.3,25.3,15.1,10.6,0.0,0.0
1962-07,31.7,25.8,16.8,12.8,0.0,0.0
1962-08,31.7,25.3,16.8,12.8,0.0,0.0
1962-09,30.0,21.7,12.7,5.0,0.0,0.0
1962-10,26.1,16.3,8.2,-0.6,0.0,0.0
1962-11,16.7,9.0,1.8,-2.8,22.9,2.0
1962-12,17.8,3.0,-5.2,-20.0,134.6,3.0
1963-01,12.2,2.5,-5.3,-15.6,165.1,5.0
1963-02,9.4,1.3,-8.1,-19.4,116.8,5.0
1963-03,25.6,7.9,-0.1,-6.1,345.4,6.0
1963-04,23.9,14.4,4.4,-2.2,0.0,0.0
1963-05,31.1,20.7,9.7,2.2,0.0,0.0
1963-06,35.0,26.2,15.4,9.4,0.0,0.0
1963-07,36.7,28.7,18.7,12.8,0.0,0.0
1963-08,32.8,26.2,16.5,12.2,0.0,0.0
1963-09,30.6,20.5,11.6,3.9,0.0,0.0
1963-10,32.2,21.0,10.0,1.7,0.0,0.0
1963-11,21.7,12.5,5.5,-1.1,0.0,0.0
1963-12,11.1,-0.4,-6.5,-16.1,449.6,10.0
1964-01,12.8,3.7,-4.0,-12.2,365.8,4.0
1964-02,8.3,2.3,-5.6,-10.6,589.3,8.0
1964-03,22.2,7.6,-0.2,-7.2,195.6,5.0
1964-04,27.8,12.0,3.6,-4.4,0.0,0.0
1964-05,33.9,21.3,10.1,3.3,0.0,0.0
1964-06,34.4,24.7,14.2,9.4,0.0,0.0
1964-07,36.1,26.4,17.5,13.9,0.0,0.0
1964-08,29.4,23.6,14.6,11.1,0.0,0.0
1964-09,30.6,21.1,12.2,5.6,0.0,0.0
1964-10,25.0,16.1,6.7,1.1,0.0,0.0
1964-11,20.0,10.8,2.6,-4.4,0.0,0.0
1964-12,15.6,3.9,-3.4,-11.1,309.9,7.0
1965-01,13.9,0.4,-7.8,-20.0,563.9,11.0
1965-02,11.7,1.9,-6.5,-14.4,119.4,8.0
1965-03,15.6,5.6,-1.4,-7.8,246.4,8.0
1965-04,24.4,11.1,2.5,-5.6,40.6,1.0
1965-05,33.3,20.9,9.6,5.6,0.0,0.0
1965-06,32.8,25.1,14.2,7.8,0.0,0.0
1965-07,33.9,26.5,16.8,12.2,0.0,0.0
1965-08,33.9,26.3,16.4,8.3,0.0,0.0
1965-09,31.7,21.0,12.9,3.3,0.0,0.0
1965-10,24.4,16.2,6.9,0.0,0.0,0.0
1965-11,20.0,9.4,1.9,-3.3,0.0,0.0
1965-12,17.2,5.8,-1.2,-10.6,58.4,6.0
1966-01,16.1,1.7,-5.3,-14.4,670.6,11.0
1966-02,12.2,3.2,-4.0,-16.1,307.3,9.0
1966-03,18.9,8.3,0.3,-5.6,83.8,2.0
1966-04,21.1,11.3,4.1,1.1,0.0,0.0
1966-05,30.0,18.5,9.6,3.3,0.0,0.0
1966-06,34.4,25.7,15.8,10.6,0.0,0.0
1966-07,36.1,28.9,18.8,15.0,0.0,0.0
1966-08,33.3,26.0,17.5,15.0,0.0,0.0
1966-09,33.3,21.6,13.4,7.8,0.0,0.0
1966-10,25.6,17.1,7.9,0.0,0.0,0.0
1966-11,20.6,11.8,4.7,-2.8,0.0,0.0
1966-12,21.1,4.8,-2.4,-10.0,251.5,7.0
1967-01,16.7,5.2,-1.8,-13.9,12.7,1.0
1967-02,14.4,1.1,-7.3,-19.4,596.9,13.0
1967-03,17.8,3.8,-2.5,-14.4,581.7,7.0
1967-04,23.9,11.6,2.7,-2.8,83.8,3.0
1967-05,25.0,15.1,6.7,2.8,0.0,0.0
1967-06,34.4,24.6,14.4,8.3,0.0,0.0
1967-07,31.7,26.4,19.1,13.3,0.0,0.0
1967-08,30.0,25.3,17.9,13.3,0.0,0.0
1967-09,28.3,21.7,12.4,7.2,0.0,0.0
1967-10,27.2,16.3,7.8,1.1,0.0,0.0
1967-11,20.0,7.8,1.2,-6.1,55.9,1.0
1967-12,14.4,5.0,-1.7,-7.8,373.4,4.0
1968-01,10.0,0.5,-7.7,-20.0,449.6,9.0
1968-02,8.9,0.7,-7.3,-15.0,86.4,3.0
1968-03,17.8,7.8,0.1,-11.7,172.7,4.0
1968-04,20.6,13.8,5.8,0.0,0.0,0.0
1968-05,25.0,17.2,9.6,6.7,0.0,0.0
1968-06,32.8,21.8,14.7,10.0,0.0,0.0
1968-07,36.7,28.8,19.2,14.4,0.0,0.0
1968-08,33.9,25.6,17.5,13.9,0.0,0.0
1968-09,28.9,21.5,15.1,10.6,0.0,0.0
1968-10,29.4,18.0,10.7,3.9,0.0,0.0
1968-11,17.2,9.4,3.6,0.0,10.2,1.0
1968-12,13.9,2.8,-4.1,-19.4,129.5,7.0
1969-01,9.4,1.8,-4.8,-13.9,22.9,3.0
1969-02,4.4,1.1,-3.9,-11.1,1049.0,10.0
1969-03,13.9,5.1,-1.4,-9.4,154.9,5.0
1969-04,28.3,15.2,5.5,-3.9,0.0,0.0
1969-05,30.6,19.2,10.2,6.1,0.0,0.0
1969-06,35.0,25.2,16.3,12.8,0.0,0.0
1969-07,35.0,25.1,18.2,14.4,0.0,0.0
1969-08,33.9,28.3,18.7,12.2,0.0,0.0
1969-09,35.0,21.6,13.6,7.8,0.0,0.0
1969-10,26.1,16.4,8.4,-1.1,0.0,0.0
1969-11,16.1,10.3,4.0,-5.6,0.0,0.0
1969-12,15.6,3.8,-2.3,-11.1,320.0,8.0
1970-01,9.4,-1.4,-8.5,-16.1,188.0,12.0
1970-02,14.4,4.7,-4.4,-13.9,266.7,4.0
1970-03,13.9,6.6,-0.6,-7.2,462.3,5.0
1970-04,23.9,13.9,5.0,-2.2,2.5,1.0
1970-05,33.3,20.2,10.4,3.9,0.0,0.0
1970-06,32.2,24.4,14.4,10.0,0.0,0.0
1970-07,33.3,28.3,18.6,14.4,0.0,0.0
1970-08,34.4,28.0,18.1,15.0,0.0,0.0
1970-09,33.3,23.3,14.1,8.9,0.0,0.0
1970-10,24.4,16.6,8.9,1.1,0.0,0.0
1970-11,17.2,10.1,4.1,-3.9,0.0,0.0
1970-12,15.0,2.0,-5.4,-10.6,708.7,11.0
1971-01,7.8,-0.6,-8.5,-16.7,304.8,10.0
1971-02,11.7,2.6,-4.4,-15.0,205.7,8.0
1971-03,18.3,6.3,-1.1,-5.0,188.0,4.0
1971-04,22.2,12.0,2.5,-1.1,48.3,2.0
1971-05,26.1,17.6,8.7,6.1,0.0,0.0
1971-06,34.4,26.2,15.0,8.9,0.0,0.0
1971-07,34.4,28.0,18.0,14.4,0.0,0.0
1971-08,33.9,27.9,18.0,11.1,0.0,0.0
1971-09,33.3,24.1,15.8,9.4,0.0,0.0
1971-10,30.0,19.6,11.3,7.2,0.0,0.0
1971-11,24.4,10.0,2.3,-4.4,71.1,3.0
1971-12,17.8,6.5,-1.7,-10.6,200.7,7.0
1972-01,15.0,5.0,-3.9,-15.0,198.1,3.0
1972-02,12.8,3.0,-5.7,-17.8,419.1,9.0
1972-03,16.7,5.8,-1.1,-7.8,307.3,5.0
1972-04,23.3,11.3,3.0,-3.9,10.2,2.0
1972-05,30.0,18.8,9.6,4.4,0.0,0.0
1972-06,30.0,22.7,14.4,8.9,0.0,0.0
1972-07,34.4,27.8,18.6,14.4,0.0,0.0
1972-08,31.1,26.7,17.2,12.2,0.0,0.0
1972-09,31.1,23.2,14.3,10.0,0.0,0.0
1972-10,22.2,15.0,7.0,0.0,0.0,0.0
1972-11,18.9,9.0,2.4,-8.3,15.2,1.0
1972-12,16.7,3.8,-2.7,-10.0,83.8,6.0
1973-01,16.1,3.9,-4.6,-17.2,91.4,3.0
1973-02,12.2,2.9,-5.1,-16.1,63.5,4.0
1973-03,19.4,10.1,2.4,-3.3,7.6,1.0
1973-04,28.9,14.3,5.5,-0.6,0.0,0.0
1973-05,30.6,18.0,9.8,5.6,0.0,0.0
1973-06,36.1,25.9,16.4,10.0,0.0,0.0
1973-07,35.6,27.9,19.0,15.0,0.0,0.0
1973-08,37.2,28.2,19.4,13.9,0.0,0.0
1973-09,34.4,22.4,13.6,6.1,0.0,0.0
1973-10,25.0,17.2,9.0,2.8,0.0,0.0
1973-11,21.7,11.1,4.2,-1.1,0.0,0.0
1973-12,17.2,8.2,0.2,-11.7,0.0,0.0
1974-01,17.2,3.8,-4.1,-19.4,406.4,5.0
1974-02,13.9,2.6,-5.8,-13.3,452.1,6.0
1974-03,21.1,8.4,-1.0,-9.4,2.5,1.0
1974-04,29.4,15.6,5.4,-2.8,76.2,1.0
1974-05,31.7,16.5,8.7,2.8,0.0,0.0
1974-06,33.9,22.9,13.5,8.9,0.0,0.0
1974-07,35.0,27.0,17.8,14.4,0.0,0.0
1974-08,32.8,26.4,18.1,13.9,0.0,0.0
1974-09,30.6,21.5,13.6,3.9,0.0,0.0
1974-10,25.6,15.0,5.0,-1.1,0.0,0.0
1974-11,25.0,11.2,3.6,-5.0,50.8,2.0
1974-12,14.4,6.3,0.1,-8.3,91.4,2.0
1975-01,16.7,5.2,-2.0,-11.7,55.9,4.0
1975-02,12.2,3.6,-3.6,-13.9,431.8,7.0
1975-03,13.9,6.6,-1.2,-10.0,45.7,4.0
1975-04,21.1,11.7,2.9,-0.6,25.4,3.0
1975-05,32.2,21.6,11.1,6.1,0.0,0.0
1975-06,34.4,23.8,15.6,9.4,0.0,0.0
1975-07,35.0,29.1,19.6,13.3,0.0,0.0
1975-08,38.9,26.9,18.5,11.7,0.0,0.0
1975-09,27.2,21.8,13.6,7.8,0.0,0.0
1975-10,25.6,18.2,9.8,1.1,0.0,0.0
1975-11,24.4,15.2,6.8,0.6,2.5,1.0
1975-12,18.9,5.7,-3.1,-15.6,490.2,6.0
1976-01,13.3,1.2,-7.7,-20.0,381.0,8.0
1976-02,17.2,7.9,-2.0,-11.1,35.6,3.0
1976-03,22.2,9.7,0.4,-7.8,274.3,10.0
1976-04,34.4,18.3,7.3,-4.4,0.0,0.0
1976-05,28.3,20.8,10.6,6.7,0.0,0.0
1976-06,35.0,28.2,17.7,11.7,0.0,0.0
1976-07,33.9,27.1,18.3,14.4,0.0,0.0
1976-08,33.9,26.8,17.6,9.4,0.0,0.0
1976-09,31.1,23.2,13.3,7.8,0.0,0.0
1976-10,25.0,15.3,7.3,-2.2,0.0,0.0
1976-11,18.9,9.3,1.7,-5.0,25.4,1.0
1976-12,15.0,2.9,-6.3,-14.4,436.9,3.0
1977-01,8.3,-1.2,-8.5,-16.1,589.3,10.0
1977-02,8.9,2.6,-4.0,-12.8,149.9,6.0
1977-03,27.2,11.4,2.7,-2.8,271.8,3.0
1977-04,31.1,16.2,5.2,-3.3,0.0,0.0
1977-05,33.3,22.8,11.2,1.7,12.7,1.0
1977-06,32.2,24.4,15.0,10.0,0.0,0.0
1977-07,38.9,28.9,18.7,13.9,0.0,0.0
1977-08,35.0,27.9,18.0,13.3,0.0,0.0
1977-09,33.3,21.7,14.3,8.3,0.0,0.0
1977-10,25.0,16.7,9.1,2.8,0.0,0.0
1977-11,19.4,12.0,5.9,-1.7,17.8,1.0
1977-12,12.8,4.8,-2.4,-15.0,132.1,6.0
1978-01,14.4,2.0,-6.0,-12.2,911.9,11.0
1978-02,6.7,1.1,-6.6,-16.1,690.9,3.0
1978-03,15.6,6.0,-1.3,-8.9,408.9,5.0
1978-04,23.9,13.2,5.4,-1.7,0.0,0.0
1978-05,30.0,19.2,11.2,2.8,0.0,0.0
1978-06,31.7,25.3,15.0,11.1,0.0,0.0
1978-07,37.2,27.0,17.5,13.3,0.0,0.0
1978-08,33.9,25.7,18.3,12.8,0.0,0.0
1978-09,31.1,21.1,11.6,5.6,0.0,0.0
1978-10,25.6,15.8,6.9,0.6,0.0,0.0
1978-11,21.1,10.0,2.8,-8.3,106.7,3.0
1978-12,16.7,5.5,-1.9,-7.2,147.3,3.0
1979-01,16.1,3.9,-3.4,-15.6,266.7,7.0
1979-02,11.7,-0.9,-9.0,-19.4,167.6,4.0
1979-03,22.2,10.0,1.6,-7.2,0.0,0.0
1979-04,25.0,13.1,5.4,0.6,10.2,2.0
1979-05,35.0,20.3,12.1,7.2,0.0,0.0
1979-06,35.0,25.1,15.0,10.0,0.0,0.0
1979-07,34.4,28.3,18.9,12.8,0.0,0.0
1979-08,32.8,25.9,18.2,12.2,0.0,0.0
1979-09,29.4,22.7,13.9,5.6,0.0,0.0
1979-10,28.3,15.5,7.4,0.0,0.0,0.0
1979-11,22.2,13.3,5.1,-1.7,0.0,0.0
1979-12,20.0,6.8,-1.6,-15.0,50.8,3.0
1980-01,13.9,2.0,-4.9,-11.7,10.2,1.0
1980-02,11.7,1.6,-6.3,-12.8,165.1,4.0
1980-03,15.0,6.9,-1.6,-13.9,91.4,3.0
1980-04,23.9,13.4,5.1,0.6,0.0,0.0
1980-05,31.7,19.8,10.7,6.7,0.0,0.0
1980-06,35.6,23.9,14.2,8.3,0.0,0.0
1980-07,37.2,29.3,19.4,13.9,0.0,0.0
1980-08,34.4,27.7,19.1,14.4,0.0,0.0
1980-09,35.6,24.3,14.5,7.2,0.0,0.0
1980-10,22.2,15.3,7.3,1.1,0.0,0.0
1980-11,17.8,9.4,0.9,-3.3,61.0,2.0
1980-12,16.1,3.2,-6.9,-21.7,142.2,5.0
1981-01,9.4,-1.9,-9.8,-20.0,302.3,7.0
1981-02,18.9,6.7,-1.8,-10.6,48.3,1.0
1981-03,25.0,8.0,-0.2,-6.7,12.7,2.0
1981-04,25.6,16.0,5.9,-0.6,0.0,0.0
1981-05,32.8,20.9,10.7,4.4,0.0,0.0
1981-06,33.3,26.1,16.9,12.2,0.0,0.0
1981-07,37.2,28.1,19.2,13.3,0.0,0.0
1981-08,32.2,26.8,17.7,10.6,0.0,0.0
1981-09,32.2,21.9,13.2,6.7,0.0,0.0
1981-10,23.3,14.6,6.7,2.8,0.0,0.0
1981-11,20.6,10.0,3.1,-3.3,0.0,0.0
1981-12,14.4,3.3,-2.0,-10.0,447.0,10.0
1982-01,13.3,-0.8,-9.3,-18.9,457.2,10.0
1982-02,12.2,3.0,-4.3,-9.4,193.0,5.0
1982-03,17.2,8.0,-0.6,-12.2,134.6,4.0
1982-04,28.3,14.5,3.5,-8.9,337.8,2.0
1982-05,28.9,18.2,10.4,6.7,0.0,0.0
1982-06,29.4,21.3,13.5,7.2,0.0,0.0
1982-07,36.7,28.5,19.0,13.9,0.0,0.0
1982-08,30.6,25.5,17.0,8.9,0.0,0.0
1982-09,30.6,21.8,13.8,10.0,0.0,0.0
1982-10,27.8,16.8,7.8,1.7,0.0,0.0
1982-11,24.4,12.9,4.5,-3.9,0.0,0.0
1982-12,21.1,8.0,0.3,-12.2,139.7,8.0
1983-01,15.0,3.1,-4.0,-17.8,119.4,2.0
1983-02,13.9,4.3,-3.5,-13.9,566.4,5.0
1983-03,16.1,8.4,1.1,-5.6,5.1,1.0
1983-04,28.3,13.0,6.0,1.1,0.0,0.0
1983-05,27.2,18.6,10.4,4.4,0.0,0.0
1983-06,36.1,26.6,16.5,11.7,0.0,0.0
1983-07,37.2,30.7,20.4,15.6,0.0,0.0
1983-08,36.1,27.6,18.6,12.8,0.0,0.0
1983-09,37.2,26.4,16.5,10.6,0.0,0.0
1983-10,29.4,16.9,8.8,0.0,0.0,0.0
1983-11,20.6,11.8,3.8,-2.2,0.0,0.0
1983-12,15.0,4.2,-4.1,-17.8,66.0,3.0
1984-01,10.6,0.2,-6.2,-17.2,535.9,10.0
1984-02,15.6,6.7,-0.6,-10.6,7.6,1.0
1984-03,12.2,3.2,-3.4,-14.4,482.6,6.0
1984-04,28.9,11.3,4.3,-1.7,0.0,0.0
1984-05,31.7,19.0,9.9,5.0,0.0,0.0
1984-06,36.7,26.4,16.3,10.6,0.0,0.0
1984-07,36.7,28.6,18.8,14.4,0.0,0.0
1984-08,33.9,28.0,19.3,13.3,0.0,0.0
1984-09,29.4,21.9,11.5,4.4,0.0,0.0
1984-10,25.6,15.7,7.9,0.6,0.0,0.0
1984-11,20.0,11.2,2.8,-3.9,0.0,0.0
1984-12,22.8,8.4,0.0,-10.6,94.0,5.0
1985-01,7.2,-0.4,-8.1,-14.4,177.8,7.0
1985-02,21.1,4.5,-3.6,-13.3,259.1,6.0
1985-03,23.3,9.4,-0.1,-7.8,94.0,6.0
1985-04,28.9,14.2,4.9,-3.3,50.8,1.0
1985-05,31.7,20.4,9.9,3.9,0.0,0.0
1985-06,28.9,22.4,14.0,10.6,0.0,0.0
1985-07,33.3,27.7,18.4,12.2,0.0,0.0
1985-08,33.9,25.1,17.5,11.7,0.0,0.0
1985-09,32.2,22.9,14.2,7.2,0.0,0.0
1985-10,25.6,17.3,8.6,1.7,0.0,0.0
1985-11,22.8,11.0,3.9,-3.9,76.2,3.0
1985-12,15.6,3.4,-4.2,-13.9,33.0,5.0
1986-01,14.4,4.2,-4.9,-17.2,20.3,2.0
1986-02,8.3,1.5,-5.1,-10.6,264.2,10.0
1986-03,25.0,10.1,-0.4,-13.9,66.0,2.0
1986-04,22.2,12.6,5.6,1.1,0.0,0.0
1986-05,32.2,19.4,10.0,2.2,0.0,0.0
1986-06,31.7,24.1,13.7,7.2,0.0,0.0
1986-07,35.0,25.8,17.5,12.2,0.0,0.0
1986-08,30.6,25.7,17.0,8.3,0.0,0.0
1986-09,30.6,21.9,12.8,7.2,0.0,0.0
1986-10,26.7,16.6,7.8,1.1,0.0,0.0
1986-11,22.2,10.3,1.1,-7.2,88.9,2.0
1986-12,17.8,5.4,-1.5,-9.4,86.4,3.0
1987-01,10.0,2.0,-5.5,-13.3,617.2,11.0
1987-02,8.3,2.9,-6.1,-18.3,94.0,2.0
1987-03,18.3,7.3,-0.2,-11.1,88.9,5.0
1987-04,22.2,10.4,4.1,-0.6,104.1,2.0
1987-05,33.9,18.9,9.0,3.9,0.0,0.0
1987-06,30.6,23.0,13.9,10.0,0.0,0.0
1987-07,35.0,26.2,17.8,13.9,0.0,0.0
1987-08,35.6,25.7,16.8,12.2,0.0,0.0
1987-09,30.0,22.5,14.6,8.9,0.0,0.0
1987-10,22.8,16.9,7.8,2.8,0.0,0.0
1987-11,25.6,10.9,2.3,-8.9,228.6,3.0
1987-12,14.4,5.8,-1.2,-16.1,190.5,4.0
1988-01,14.4,1.7,-6.4,-20.0,431.8,4.0
1988-02,15.6,4.2,-4.1,-13.3,358.1,3.0
1988-03,20.6,8.6,-0.6,-11.1,127.0,3.0
1988-04,19.4,11.6,4.8,0.6,0.0,0.0
1988-05,29.4,18.5,10.0,5.0,0.0,0.0
1988-06,36.7,25.4,15.1,8.3,0.0,0.0
1988-07,37.2,28.1,18.2,10.0,0.0,0.0
1988-08,35.6,28.7,19.6,11.7,0.0,0.0
1988-09,28.3,22.9,13.3,6.7,0.0,0.0
1988-10,28.3,14.6,6.3,-0.6,0.0,0.0
1988-11,19.4,12.5,3.7,-2.2,0.0,0.0
1988-12,15.6,4.7,-3.9,-16.7,94.0,3.0
1989-01,12.2,5.9,-3.1,-15.0,38.1,3.0
1989-02,18.9,3.2,-4.8,-12.2,170.2,6.0
1989-03,27.2,7.3,-1.5,-12.8,81.3,4.0
1989-04,18.9,12.0,3.4,-0.6,10.2,1.0
1989-05,27.8,19.7,10.7,6.7,0.0,0.0
1989-06,33.9,24.1,15.7,11.7,0.0,0.0
1989-07,35.6,27.3,18.0,15.0,0.0,0.0
1989-08,32.2,26.2,17.8,12.2,0.0,0.0
1989-09,30.0,22.4,13.9,5.6,0.0,0.0
1989-10,24.4,17.6,8.2,3.3,0.0,0.0
1989-11,21.7,9.9,2.0,-9.4,114.3,2.0
1989-12,11.7,-1.5,-9.9,-15.6,157.5,6.0
1990-01,17.2,6.3,-1.4,-10.0,177.8,4.0
1990-02,18.3,6.2,-3.9,-16.1,429.3,7.0
1990-03,22.8,9.4,-0.3,-11.1,104.1,2.0
1990-04,33.3,12.9,4.5,-0.6,12.7,1.0
1990-05,27.2,16.8,8.6,5.6,0.0,0.0
1990-06,30.6,23.8,14.6,9.4,0.0,0.0
1990-07,33.9,27.2,18.5,13.9,0.0,0.0
1990-08,33.3,26.8,19.1,12.8,0.0,0.0
1990-09,30.6,22.4,13.8,6.7,0.0,0.0
1990-10,30.0,19.3,9.9,1.1,0.0,0.0
1990-11,25.0,13.9,4.5,-2.2,0.0,0.0
1990-12,19.4,9.3,0.3,-7.8,30.5,1.0
1991-01,9.4,2.6,-5.5,-15.6,297.2,6.0
1991-02,18.3,6.8,-2.3,-12.8,71.1,6.0
1991-03,26.1,9.3,1.3,-5.0,86.4,5.0
1991-04,30.0,15.8,5.6,1.7,0.0,0.0
1991-05,32.8,22.9,11.8,6.7,0.0,0.0
1991-06,36.1,26.2,16.0,10.0,0.0,0.0
1991-07,37.2,28.1,19.2,14.4,0.0,0.0
1991-08,33.9,27.7,18.7,13.9,0.0,0.0
1991-09,32.2,22.0,13.2,3.9,0.0,0.0
1991-10,26.7,17.9,9.2,1.1,0.0,0.0
1991-11,22.8,10.6,4.0,-2.2,0.0,0.0
1991-12,17.8,6.3,-2.0,-12.2,147.3,5.0
1992-01,14.4,3.4,-4.6,-13.9,10.2,2.0
1992-02,12.8,4.4,-4.0,-13.9,101.6,7.0
1992-03,16.1,5.9,-2.2,-12.8,274.3,5.0
1992-04,24.4,12.3,3.7,-0.6,25.4,1.0
1992-05,33.3,17.5,8.7,2.8,0.0,0.0
1992-06,30.6,24.8,14.9,8.9,0.0,0.0
1992-07,31.7,25.2,16.4,12.2,0.0,0.0
1992-08,32.8,25.5,17.1,13.9,0.0,0.0
1992-09,29.4,22.1,13.4,3.9,0.0,0.0
1992-10,25.6,15.6,7.0,1.7,0.0,0.0
1992-11,17.8,9.5,2.6,-3.9,15.2,1.0
1992-12,13.3,5.2,-2.1,-10.6,246.4,4.0
1993-01,16.7,4.1,-3.7,-12.2,327.7,7.0
1993-02,10.6,1.7,-7.2,-16.7,497.8,10.0
1993-03,15.6,6.2,-1.4,-11.1,988.1,12.0
1993-04,22.8,12.9,5.2,0.6,55.9,2.0
1993-05,32.8,20.3,11.1,7.2,0.0,0.0
1993-06,33.9,26.6,15.0,8.9,0.0,0.0
1993-07,37.2,28.7,18.8,13.3,0.0,0.0
1993-08,35.6,27.4,18.8,13.9,0.0,0.0
1993-09,33.9,22.3,14.1,6.1,0.0,0.0
1993-10,25.0,15.6,6.9,1.1,0.0,0.0
1993-11,25.6,12.2,2.9,-7.8,0.0,0.0
1993-12,13.3,4.9,-2.4,-13.9,294.6,5.0
1994-01,12.2,-0.6,-10.3,-20.0,856.0,14.0
1994-02,16.7,1.2,-6.8,-16.1,919.5,10.0
1994-03,19.4,7.2,-0.4,-7.8,375.9,8.0
1994-04,31.1,15.8,5.7,1.1,0.0,0.0
1994-05,30.0,19.7,9.6,6.1,0.0,0.0
1994-06,35.0,27.7,16.6,10.0,0.0,0.0
1994-07,36.1,30.1,20.4,16.1,0.0,0.0
1994-08,33.3,27.2,17.7,13.3,0.0,0.0
1994-09,30.6,21.9,13.9,10.0,0.0,0.0
1994-10,25.0,17.7,8.4,3.9,0.0,0.0
1994-11,26.1,14.1,4.8,-5.6,2.5,1.0
1994-12,18.3,7.6,-0.3,-10.6,38.1,4.0
1995-01,18.9,5.0,-2.2,-11.1,111.8,4.0
1995-02,12.8,2.3,-6.2,-17.2,215.9,7.0
1995-03,19.4,7.3,0.3,-7.2,10.2,2.0
1995-04,20.0,12.1,3.5,-6.7,0.0,0.0
1995-05,31.7,18.5,9.5,3.3,0.0,0.0
1995-06,35.0,25.0,15.7,11.7,0.0,0.0
1995-07,37.8,29.2,19.5,15.0,0.0,0.0
1995-08,35.6,27.5,17.8,12.8,0.0,0.0
1995-09,31.7,21.7,12.8,7.8,0.0,0.0
1995-10,28.3,19.1,10.2,3.3,0.0,0.0
1995-11,18.3,9.1,1.8,-5.0,104.1,2.0
1995-12,10.0,3.2,-3.5,-8.3,612.1,11.0
1996-01,15.6,3.1,-5.2,-16.1,1010.9,11.0
1996-02,14.4,3.0,-4.3,-15.6,393.7,5.0
1996-03,16.7,6.7,-1.7,-10.6,426.7,6.0
1996-04,26.7,13.1,4.6,0.0,185.4,4.0
1996-05,32.8,18.8,9.4,3.9,0.0,0.0
1996-06,30.6,24.4,15.7,10.6,0.0,0.0
1996-07,31.7,26.3,18.0,15.0,0.0,0.0
1996-08,32.2,25.4,17.8,15.0,0.0,0.0
1996-09,29.4,21.2,14.5,8.3,0.0,0.0
1996-10,22.8,15.9,7.7,2.2,0.0,0.0
1996-11,22.8,8.2,1.0,-6.7,45.7,2.0
1996-12,16.1,7.5,0.6,-15.0,127.0,2.0
1997-01,12.8,2.6,-5.7,-17.8,246.4,8.0
1997-02,18.9,6.1,-1.7,-9.4,121.9,5.0
1997-03,17.2,6.5,-1.3,-8.3,208.3,5.0
1997-04,23.9,12.1,3.9,-3.3,569.0,1.0
1997-05,24.4,17.9,8.9,6.1,0.0,0.0
1997-06,34.4,24.8,15.4,8.3,0.0,0.0
1997-07,35.0,28.0,18.2,13.3,0.0,0.0
1997-08,34.4,26.0,17.5,14.4,0.0,0.0
1997-09,28.9,22.1,13.6,6.7,0.0,0.0
1997-10,28.9,15.8,7.3,0.0,0.0,0.0
1997-11,18.9,8.5,2.2,-5.6,99.1,4.0
1997-12,11.7,5.4,-1.9,-10.6,198.1,5.0
1998-01,15.6,4.3,-2.2,-13.9,254.0,6.0
1998-02,11.7,5.0,-1.4,-13.9,7.6,1.0
1998-03,31.7,9.3,1.3,-12.2,91.4,2.0
1998-04,25.6,13.7,5.6,1.1,0.0,0.0
1998-05,31.7,20.4,11.1,5.0,0.0,0.0
1998-06,31.1,22.2,14.0,8.9,0.0,0.0
1998-07,33.9,28.1,18.9,15.6,0.0,0.0
1998-08,33.3,26.8,18.2,13.9,0.0,0.0
1998-09,31.1,23.6,14.5,7.8,0.0,0.0
1998-10,25.0,16.4,8.5,3.3,0.0,0.0
1998-11,17.2,10.4,3.6,-0.6,0.0,0.0
1998-12,24.4,7.9,0.0,-11.7,20.3,2.0
1999-01,16.7,3.0,-5.8,-16.7,426.7,9.0
1999-02,14.4,4.9,-3.1,-13.3,188.0,4.0
1999-03,22.2,8.5,-0.3,-10.6,289.6,5.0
1999-04,24.4,14.0,5.1,0.0,0.0,0.0
1999-05,30.6,18.7,10.4,6.1,0.0,0.0
1999-06,36.1,26.6,16.7,10.6,0.0,0.0
1999-07,36.7,29.0,19.5,12.8,0.0,0.0
1999-08,34.4,26.1,17.6,12.8,0.0,0.0
1999-09,30.6,23.5,15.5,10.0,0.0,0.0
1999-10,23.9,16.3,7.0,1.7,0.0,0.0
1999-11,22.2,13.1,4.7,-2.8,0.0,0.0
1999-12,15.0,6.6,-0.7,-11.1,0.0,0.0
2000-01,17.8,2.0,-7.0,-17.8,335.3,5.0
2000-02,16.1,5.2,-2.8,-10.6,233.7,7.0
2000-03,22.2,10.6,2.0,-8.9,50.8,1.0
2000-04,23.9,12.4,4.6,1.1,0.0,0.0
2000-05,32.8,18.8,9.2,5.6,0.0,0.0
2000-06,33.3,24.1,15.1,7.8,0.0,0.0
2000-07,30.6,25.0,17.1,12.8,0.0,0.0
2000-08,31.7,25.1,17.5,13.3,0.0,0.0
2000-09,30.6,22.0,13.0,3.3,0.0,0.0
2000-10,26.7,16.5,7.8,0.6,0.0,0.0
2000-11,18.9,9.5,3.6,-8.3,0.0,0.0
2000-12,17.8,2.2,-5.3,-13.3,114.3,6.0
2001-01,6.7,2.3,-4.6,-11.1,315.0,6.0
2001-02,12.2,4.0,-4.3,-12.2,248.9,9.0
2001-03,10.6,4.8,-1.1,-8.3,487.7,12.0
2001-04,29.4,13.7,4.8,0.0,0.0,0.0
2001-05,33.3,20.0,10.6,3.3,0.0,0.0
2001-06,33.3,26.5,16.9,10.0,0.0,0.0
2001-07,35.0,25.5,16.6,13.3,0.0,0.0
2001-08,36.1,27.3,19.3,14.4,0.0,0.0
2001-09,30.6,23.0,14.0,8.9,0.0,0.0
2001-10,28.3,18.3,8.5,1.1,0.0,0.0
2001-11,22.8,13.4,4.7,-1.7,0.0,0.0
2001-12,22.2,8.0,1.5,-5.0,127.0,3.0
2002-01,18.3,5.8,-0.6,-5.6,200.7,7.0
2002-02,15.6,7.0,-2.2,-10.6,12.7,2.0
2002-03,18.9,8.8,0.3,-7.2,35.6,3.0
2002-04,33.9,14.8,4.9,-2.2,7.6,1.0
2002-05,28.9,19.3,9.3,2.8,0.0,0.0
2002-06,33.9,23.9,14.4,8.3,0.0,0.0
2002-07,36.1,28.9,19.1,14.4,0.0,0.0
2002-08,38.3,28.4,19.6,14.4,0.0,0.0
2002-09,32.8,24.5,15.9,10.0,0.0,0.0
2002-10,29.4,15.0,7.6,0.0,0.0,0.0
2002-11,21.1,9.5,2.6,-7.2,91.4,2.0
2002-12,16.1,4.0,-2.7,-11.1,281.9,5.0
2003-01,6.7,-0.9,-7.9,-17.2,106.7,11.0
2003-02,11.7,0.4,-6.7,-17.8,1056.6,7.0
2003-03,20.6,8.0,-1.8,-12.8,205.7,4.0
2003-04,28.9,10.8,3.1,-2.2,58.4,4.0
2003-05,27.8,16.8,8.8,3.9,0.0,0.0
2003-06,33.9,22.5,14.6,10.0,0.0,0.0
2003-07,33.9,27.9,19.1,15.0,0.0,0.0
2003-08,33.9,27.7,19.2,12.8,0.0,0.0
2003-09,28.3,22.2,15.2,9.4,0.0,0.0
2003-10,23.3,15.8,7.6,0.6,0.0,0.0
2003-11,24.4,11.4,4.0,-2.8,0.0,0.0
2003-12,14.4,6.0,-1.6,-8.9,546.1,5.0
2004-01,10.0,-2.7,-9.9,-21.7,124.5,6.0
2004-02,12.8,4.6,-3.4,-11.1,61.0,1.0
2004-03,19.4,7.7,0.4,-6.1,269.2,5.0
2004-04,30.0,14.4,5.1,-1.1,0.0,0.0
2004-05,31.7,19.6,10.2,4.4,0.0,0.0
2004-06,33.9,23.9,14.5,9.4,0.0,0.0
2004-07,31.7,25.3,18.0,15.0,0.0,0.0
2004-08,32.8,26.5,18.0,13.3,0.0,0.0
2004-09,29.4,22.6,14.3,8.3,0.0,0.0
2004-10,23.3,15.6,8.6,3.3,0.0,0.0
2004-11,18.9,10.9,2.8,-4.4,99.1,2.0
2004-12,16.1,5.8,-2.4,-14.4,182.9,3.0
2005-01,17.2,1.0,-6.8,-18.9,1099.8,12.0
2005-02,12.2,3.0,-4.0,-10.6,449.6,7.0
2005-03,12.8,5.5,-1.9,-11.7,368.3,6.0
2005-04,30.6,14.5,5.2,0.6,0.0,0.0
2005-05,25.6,14.5,7.9,3.9,0.0,0.0
2005-06,35.0,25.0,15.3,8.9,0.0,0.0
2005-07,34.4,27.3,18.5,13.3,0.0,0.0
2005-08,36.1,27.9,19.2,15.6,0.0,0.0
2005-09,32.8,24.3,15.6,8.9,0.0,0.0
2005-10,27.2,16.0,9.2,0.6,27.9,1.0
2005-11,21.1,12.1,3.3,-6.1,0.0,0.0
2005-12,10.6,3.5,-3.0,-12.2,271.8,4.0
2006-01,15.6,6.3,-1.3,-12.2,205.7,7.0
2006-02,13.9,3.4,-4.6,-13.9,508.0,3.0
2006-03,22.8,8.1,-0.7,-7.8,0.0,0.0
2006-04,25.0,14.4,5.4,0.6,0.0,0.0
2006-05,28.9,17.8,10.0,6.7,0.0,0.0
2006-06,33.9,23.9,16.2,11.1,0.0,0.0
2006-07,35.6,29.1,19.7,16.7,0.0,0.0
2006-08,36.7,26.0,17.8,12.8,0.0,0.0
2006-09,28.9,22.1,14.1,7.2,0.0,0.0
2006-10,26.7,16.6,8.2,2.8,0.0,0.0
2006-11,20.6,13.2,5.8,0.0,0.0,0.0
2006-12,19.4,8.7,1.4,-6.7,20.3,3.0
2007-01,20.6,4.2,-3.4,-16.1,25.4,3.0
2007-02,9.4,0.5,-7.0,-13.3,116.8,3.0
2007-03,20.0,7.8,-1.7,-15.0,259.1,4.0
2007-04,30.0,10.9,3.7,-2.2,12.7,2.0
2007-05,33.3,21.5,11.1,5.6,0.0,0.0
2007-06,35.6,25.0,15.6,10.0,0.0,0.0
2007-07,33.3,27.2,18.2,13.3,0.0,0.0
2007-08,35.6,27.0,18.2,12.8,0.0,0.0
2007-09,35.0,24.5,15.1,8.3,0.0,0.0
2007-10,30.0,19.4,10.9,2.8,0.0,0.0
2007-11,20.6,10.1,2.2,-5.6,0.0,0.0
2007-12,11.7,3.7,-3.2,-8.3,683.3,7.0
2008-01,19.4,4.6,-3.0,-13.9,210.8,2.0
2008-02,16.7,4.1,-3.5,-11.7,381.0,9.0
2008-03,15.6,7.4,-0.5,-3.9,25.4,1.0
2008-04,28.9,13.8,5.5,0.6,0.0,0.0
2008-05,28.3,18.6,9.9,4.4,0.0,0.0
2008-06,35.0,26.1,16.4,11.1,0.0,0.0
2008-07,35.0,28.2,19.6,16.1,0.0,0.0
2008-08,30.6,24.9,17.3,13.3,0.0,0.0
2008-09,31.7,22.0,15.0,8.9,0.0,0.0
2008-10,23.3,16.1,7.5,0.6,0.0,0.0
2008-11,21.1,9.8,2.8,-5.6,0.0,0.0
2008-12,17.2,6.4,-2.3,-12.8,642.6,6.0
2009-01,4.4,-0.4,-7.5,-14.4,602.0,9.0
2009-02,15.6,5.0,-4.0,-13.3,157.5,5.0
2009-03,16.1,6.8,-0.8,-10.0,271.8,3.0
2009-04,33.9,15.1,5.5,1.1,0.0,0.0
2009-05,33.3,19.9,10.7,7.2,0.0,0.0
2009-06,28.9,20.7,14.1,8.9,0.0,0.0
2009-07,30.6,25.2,17.6,14.4,0.0,0.0
2009-08,35.0,27.1,19.1,13.3,0.0,0.0
2009-09,27.2,21.4,13.3,7.8,0.0,0.0
2009-10,22.8,15.0,7.0,1.1,2.5,1.0
2009-11,20.6,12.6,6.1,1.7,0.0,0.0
2009-12,20.6,4.3,-3.0,-12.2,386.1,5.0
2010-01,13.9,2.2,-4.8,-14.4,335.3,6.0
2010-02,10.0,3.7,-2.4,-10.0,177.8,4.0
2010-03,22.2,10.1,3.1,-3.9,5.1,1.0
2010-04,32.2,16.6,6.8,1.7,0.0,0.0
2010-05,34.4,22.2,12.0,4.4,0.0,0.0
2010-06,34.4,26.0,16.6,11.7,0.0,0.0
2010-07,37.8,29.9,20.4,15.6,0.0,0.0
2010-08,35.6,27.5,18.6,15.6,0.0,0.0
2010-09,35.0,24.8,16.0,10.6,0.0,0.0
2010-10,28.9,17.2,9.0,2.8,0.0,0.0
2010-11,17.8,10.6,3.6,-2.2,0.0,0.0
2010-12,13.9,3.7,-3.0,-10.0,558.8,6.0
2011-01,13.3,0.9,-5.8,-18.9,972.8,9.0
2011-02,15.6,3.8,-5.4,-10.6,469.9,6.0
2011-03,21.1,8.0,-0.3,-11.1,33.0,4.0
2011-04,25.6,14.3,5.8,0.6,22.9,1.0
2011-05,30.6,18.9,11.4,6.7,0.0,0.0
2011-06,33.3,23.4,15.6,9.4,0.0,0.0
2011-07,39.4,29.9,20.5,17.2,0.0,0.0
2011-08,33.9,27.2,19.4,16.7,0.0,0.0
2011-09,30.6,23.5,15.7,8.9,0.0,0.0
2011-10,30.6,17.8,10.6,1.1,25.4,2.0
2011-11,20.6,14.7,5.7,-0.6,0.0,0.0
2011-12,17.2,8.7,0.2,-7.8,0.0,0.0
2012-01,15.6,5.4,-3.0,-14.4,172.7,7.0
2012-02,15.0,7.2,-1.2,-8.9,22.9,1.0
2012-03,28.3,12.9,3.4,-6.7,15.2,3.0
2012-04,30.6,16.9,6.6,1.1,0.0,0.0
2012-05,30.0,19.2,12.2,7.2,0.0,0.0
2012-06,36.1,23.2,15.4,10.0,0.0,0.0
2012-07,36.1,28.5,19.6,16.1,0.0,0.0
2012-08,33.3,27.8,19.5,15.6,0.0,0.0
2012-09,27.8,22.2,14.2,9.4,0.0,0.0
2012-10,25.6,17.3,9.9,1.7,0.0,0.0
2012-11,18.9,8.9,2.3,-1.1,10.2,2.0
2012-12,15.6,6.8,0.3,-6.1,86.4,5.0
2013-01,16.1,3.7,-4.3,-15.6,127.0,6.0
2013-02,8.3,2.7,-3.7,-9.4,863.6,9.0
2013-03,15.0,6.6,-0.2,-6.1,523.2,5.0
2013-04,23.9,13.9,4.9,-0.6,0.0,0.0
2013-05,34.4,19.6,10.2,4.4,0.0,0.0
2013-06,35.0,25.6,16.2,11.7,0.0,0.0
2013-07,37.2,29.3,20.8,15.6,0.0,0.0
2013-08,31.7,26.6,18.0,15.0,0.0,0.0
2013-09,36.1,22.8,13.5,6.7,0.0,0.0
2013-10,27.8,17.9,9.5,1.7,0.0,0.0
2013-11,22.2,10.4,1.5,-7.8,0.0,0.0
2013-12,13.9,4.6,-3.1,-12.8,297.2,7.0
2014-01,15.0,1.7,-6.8,-16.7,553.7,8.0
2014-02,12.8,2.0,-5.4,-13.3,581.7,10.0
2014-03,15.6,5.4,-3.8,-11.7,55.9,3.0
2014-04,23.9,13.4,4.5,-0.6,7.6,1.0
2014-05,29.4,19.1,10.6,6.1,0.0,0.0
2014-06,31.7,24.8,15.6,10.6,0.0,0.0
2014-07,33.3,27.9,18.9,15.0,0.0,0.0
2014-08,32.8,25.8,17.3,14.4,0.0,0.0
2014-09,33.9,23.4,14.6,7.8,0.0,0.0
2014-10,27.2,17.2,9.9,3.9,0.0,0.0
2014-11,18.9,9.7,1.9,-5.0,66.0,2.0
2014-12,17.8,6.5,0.4,-7.8,7.6,1.0
2015-01,11.1,0.6,-7.2,-18.3,871.2,10.0
2015-02,3.9,-2.3,-12.1,-19.4,1645.9,16.0
2015-03,13.9,4.9,-3.6,-12.8,218.4,7.0
2015-04,20.6,13.2,4.6,-1.1,0.0,0.0
2015-05,31.7,22.9,10.8,3.9,0.0,0.0
2015-06,31.1,22.3,14.0,7.8,0.0,0.0
2015-07,33.3,27.5,19.0,15.0,0.0,0.0
2015-08,32.8,28.2,19.2,16.1,0.0,0.0
2015-09,35.6,25.2,16.1,8.9,0.0,0.0
2015-10,24.4,16.3,8.1,-0.6,0.0,0.0
2015-11,24.4,13.2,5.1,-2.2,0.0,0.0
2015-12,20.6,10.9,3.8,-4.4,22.9,1.0
2016-01,14.4,4.2,-3.6,-13.3,241.3,4.0
2016-02,18.3,6.5,-3.5,-22.8,381.0,7.0
2016-03,25.0,10.0,1.7,-6.1,104.1,2.0
2016-04,25.6,12.6,4.2,-5.6,167.6,2.0
2016-05,33.3,19.2,10.4,5.6,0.0,0.0
2016-06,30.6,24.9,15.6,12.2,0.0,0.0
2016-07,36.7,29.3,19.7,15.0,0.0,0.0
2016-08,36.7,29.3,20.1,16.1,0.0,0.0
2016-09,33.9,23.5,15.9,8.9,0.0,0.0
2016-10,27.2,16.9,9.0,1.1,0.0,0.0
2016-11,21.1,12.0,3.8,-1.1,0.0,0.0
2016-12,14.4,5.5,-1.9,-15.6,149.9,5.0
2017-01,16.1,5.0,-1.6,-11.7,226.1,4.0
2017-02,22.8,7.1,-1.9,-11.7,546.1,8.0
2017-03,17.2,5.2,-3.0,-12.8,256.5,5.0
2017-04,30.0,15.5,6.4,0.6,30.5,1.0
2017-05,35.0,17.0,10.1,5.6,0.0,0.0
2017-06,35.0,25.8,15.9,8.3,0.0,0.0
2017-07,33.9,26.7,18.3,13.3,0.0,0.0
2017-08,32.8,26.4,18.0,13.9,0.0,0.0
2017-09,31.1,23.6,15.5,10.0,0.0,0.0
2017-10,26.7,20.5,12.1,4.4,0.0,0.0
2017-11,23.9,10.7,2.3,-5.6,0.0,0.0
2017-12,15.0,2.5,-4.0,-16.7,233.7,5.0
2018-01,16.1,2.2,-6.0,-18.9,452.1,5.0
2018-02,22.2,8.0,-1.3,-12.2,210.8,5.0
2018-03,17.8,6.1,-0.3,-8.9,591.8,8.0
2018-04,21.1,11.6,3.2,-1.7,33.0,2.0
2018-05,32.2,22.1,11.4,6.7,0.0,0.0
2018-06,33.3,24.3,15.3,9.4,0.0,0.0
2018-07,36.7,28.8,20.3,16.1,0.0,0.0
2018-08,36.7,29.3,21.1,16.7,0.0,0.0
2018-09,36.1,24.0,17.1,11.7,0.0,0.0
2018-10,30.0,16.5,8.4,1.1,0.0,0.0
2018-11,21.1,9.4,2.8,-10.0,2.5,1.0
2018-12,18.3,6.7,-0.8,-6.7,2.5,1.0
2019-01,15.0,3.6,-5.0,-15.0,53.3,3.0
2019-02,18.3,4.9,-3.2,-12.2,294.6,7.0
2019-03,21.1,8.2,-0.3,-9.4,342.9,4.0
2019-04,25.0,15.3,6.6,-1.1,0.0,0.0
2019-05,31.7,18.4,10.3,6.1,0.0,0.0
2019-06,30.6,24.3,16.0,11.7,0.0,0.0
2019-07,36.7,30.4,21.5,17.2,0.0,0.0
2019-08,35.0,27.6,19.2,13.9,0.0,0.0
2019-09,33.3,24.4,15.5,10.0,0.0,0.0
2019-10,27.2,17.7,10.6,5.6,0.0,0.0
2019-11,22.2,10.0,2.0,-6.1,0.0,0.0
2019-12,17.2,6.4,-0.7,-9.4,292.1,7.0
2020-01,23.3,7.2,-0.5,-10.0,78.7,2.0
2020-02,17.8,7.1,-0.7,-11.1,12.7,2.0
2020-03,22.2,9.6,1.3,-7.2,0.0,0.0
2020-04,16.7,10.3,3.6,-0.6,17.8,1.0
2020-05,28.3,18.7,8.8,1.1,0.0,0.0
2020-06,33.3,25.5,15.9,8.3,0.0,0.0
2020-07,35.0,28.2,19.9,15.0,0.0,0.0
2020-08,34.4,27.7,19.1,14.4,0.0,0.0
2020-09,29.4,23.2,14.1,6.7,0.0,0.0
2020-10,25.6,16.6,8.7,-2.2,109.2,1.0
2020-11,23.9,13.7,4.0,-5.6,0.0,0.0
2020-12,17.2,5.9,-1.6,-8.9,330.2,3.0
2021-01,11.1,2.7,-3.8,-13.9,147.3,5.0
2021-02,10.0,2.3,-3.7,-11.7,388.6,6.0
2021-03,23.3,10.8,0.4,-10.6,2.5,1.0
2021-04,25.6,14.9,6.0,-1.7,2.5,1.0
2021-05,33.3,21.0,11.6,6.7,0.0,0.0
2021-06,37.8,28.7,18.4,12.2,0.0,0.0
2021-07,35.0,26.1,18.7,13.9,0.0,0.0
2021-08,35.6,28.7,21.1,16.7,0.0,0.0
2021-09,30.0,24.8,17.0,11.1,0.0,0.0
2021-10,25.6,18.9,12.0,5.0,0.0,0.0
2021-11,21.1,11.1,3.0,-3.3,0.0,0.0
2021-12,17.8,7.6,0.4,-6.7,10.2,2.0
2022-01,11.1,2.0,-7.1,-15.6,919.5,7.0
2022-02,20.6,5.6,-4.4,-12.2,388.6,6.0
