date,highTemp,avgHighTemp,avgLowTemp,lowTemp,precip,snowfall,precipDays,snowfallDays
string,number,number,number,number,number,number,number,number
Date,Highest temp,Average high temp,Average low temp,Lowest temp,Precipitation,Snowfall,Precipitation Days,Snowfall Days
1885.0833333333333,8.3,-10.1,-20.6,-37.8,7.6,88.9,7,7.0
1885.1666666666667,9.4,-5.7,-17.3,-31.1,5.6,63.5,10,10.0
1885.25,12.8,3.6,-7.6,-21.1,14.0,99.1,7,7.0
1885.3333333333333,24.4,14.3,3.1,-6.7,81.0,38.1,10,4.0
1885.4166666666667,30.6,21.0,8.3,-2.8,53.8,10.2,9,2.0
1885.5,31.7,26.4,14.0,2.2,94.7,0.0,11,0.0
1885.5833333333333,35.0,29.0,17.6,12.8,148.8,0.0,13,0.0
1885.6666666666667,28.9,24.1,14.3,7.8,93.7,0.0,9,0.0
1885.75,31.1,22.0,9.6,1.7,89.4,0.0,7,0.0
1885.8333333333333,26.1,12.0,1.5,-3.9,23.6,5.1,5,1.0
1885.9166666666667,11.7,4.3,-2.6,-8.3,15.2,12.7,6,3.0
1886.0,11.1,-1.8,-10.5,-27.8,16.3,134.6,7,4.0
1886.0833333333333,-1.1,-11.0,-20.5,-36.7,44.7,513.1,18,18.0
1886.1666666666667,9.4,-3.6,-15.4,-33.3,6.3,68.6,8,8.0
1886.25,14.4,2.1,-7.1,-23.3,27.7,264.2,12,8.0
1886.3333333333333,27.2,15.3,4.4,-10.0,93.2,2.5,10,1.0
1886.4166666666667,28.9,22.0,9.1,0.6,20.8,0.0,7,0.0
1886.5,32.8,24.9,13.5,6.1,92.2,0.0,11,0.0
1886.5833333333333,34.4,28.9,17.0,12.8,36.6,0.0,5,0.0
1886.6666666666667,34.4,28.0,15.4,5.6,57.7,0.0,8,0.0
1886.75,31.1,20.7,9.4,0.6,93.7,0.0,13,0.0
1886.8333333333333,27.8,18.5,5.3,-6.1,18.3,0.0,4,0.0
1886.9166666666667,23.3,2.8,-7.0,-19.4,52.6,500.4,11,9.0
1887.0,6.1,-8.6,-18.9,-31.1,37.6,190.5,8,7.0
1887.0833333333333,0.0,-11.3,-23.5,-37.8,45.5,561.3,9,8.0
1887.1666666666667,6.1,-6.1,-19.0,-32.8,22.6,246.4,10,11.0
1887.25,12.2,1.9,-7.5,-21.7,8.4,58.4,4,3.0
1887.3333333333333,28.9,13.7,1.1,-10.0,79.8,25.4,13,3.0
1887.4166666666667,32.8,24.6,11.0,2.2,40.6,0.0,7,0.0
1887.5,32.2,26.7,15.5,8.9,73.4,0.0,8,0.0
1887.5833333333333,34.4,29.5,17.2,10.6,98.8,0.0,10,0.0
1887.6666666666667,34.4,25.0,13.5,5.0,85.6,0.0,15,0.0
1887.75,28.3,19.6,9.7,0.6,110.5,0.0,12,0.0
1887.8333333333333,22.2,11.5,0.6,-11.1,37.6,10.2,8,2.0
1887.9166666666667,21.1,4.6,-5.2,-29.4,16.5,111.8,8,5.0
1888.0,5.0,-3.3,-12.9,-30.0,37.3,444.5,16,13.0
1888.0833333333333,1.1,-12.5,-23.5,-40.6,18.3,205.7,11,11.0
1888.1666666666667,7.2,-4.6,-16.5,-36.1,16.3,86.4,13,12.0
1888.25,5.6,-2.1,-12.5,-25.6,28.2,264.2,10,8.0
1888.3333333333333,24.4,10.4,0.3,-5.0,130.6,50.8,12,3.0
1888.4166666666667,25.6,14.3,5.9,-1.7,120.6,25.4,18,1.0
1888.5,31.7,24.6,14.1,5.0,49.5,0.0,10,0.0
1888.5833333333333,34.4,28.2,17.6,12.8,141.0,0.0,13,0.0
1888.6666666666667,34.4,25.2,14.2,7.8,56.6,0.0,11,0.0
1888.75,27.2,19.8,9.0,-0.6,43.2,0.0,9,0.0
1888.8333333333333,23.9,11.8,2.9,-2.2,27.9,12.7,8,1.0
1888.9166666666667,18.9,7.0,-2.3,-14.4,8.6,20.3,5,2.0
1889.0,14.4,0.6,-8.2,-15.0,16.0,55.9,4,3.0
1889.0833333333333,5.6,-1.7,-10.9,-23.3,14.0,91.4,8,9.0
1889.1666666666667,10.0,-6.3,-17.5,-31.7,7.9,88.9,9,8.0
1889.25,19.4,8.0,-2.7,-10.6,25.1,104.1,6,3.0
1889.3333333333333,24.4,15.1,3.2,-3.3,29.0,0.0,11,0.0
1889.4166666666667,28.9,19.0,7.7,0.6,72.6,0.0,13,0.0
1889.5,32.2,23.4,12.5,5.6,40.9,0.0,7,0.0
1889.5833333333333,35.6,27.4,16.2,10.0,78.2,0.0,12,0.0
1889.6666666666667,32.8,27.2,15.5,9.4,90.4,0.0,5,0.0
1889.75,31.1,21.2,9.1,0.0,13.0,0.0,10,0.0
1889.8333333333333,24.4,13.0,1.5,-3.9,1.5,0.0,1,0.0
1889.9166666666667,13.3,3.2,-5.9,-20.0,24.6,119.4,10,8.0
1890.0,8.3,1.9,-5.4,-20.0,33.5,231.1,9,5.0
1890.0833333333333,5.6,-7.2,-16.6,-30.0,24.1,210.8,9,8.0
1890.1666666666667,10.6,-2.1,-12.1,-24.4,12.7,137.2,10,9.0
1890.25,10.6,-0.7,-9.8,-26.7,28.2,190.5,13,8.0
1890.3333333333333,28.3,14.7,2.9,-7.2,45.7,0.0,8,0.0
1890.4166666666667,30.0,16.9,5.6,-2.8,93.0,50.8,14,1.0
1890.5,34.4,25.5,16.4,10.6,134.4,0.0,18,0.0
1890.5833333333333,34.4,27.4,16.9,10.6,47.5,0.0,13,0.0
1890.6666666666667,33.3,23.9,12.8,6.1,55.9,0.0,12,0.0
1890.75,28.9,20.5,8.6,-0.6,69.3,0.0,10,0.0
1890.8333333333333,21.7,11.8,4.1,-5.6,70.9,0.0,12,0.0
1890.9166666666667,15.0,6.5,-2.4,-12.8,9.7,104.1,3,2.0
1891.0,11.7,0.5,-8.9,-19.4,2.5,25.4,6,4.0
1891.0833333333333,7.8,-1.5,-10.0,-18.9,25.7,195.6,6,5.0
1891.1666666666667,6.7,-5.5,-16.9,-31.7,30.0,312.4,11,10.0
1891.25,8.9,-0.6,-8.8,-22.8,23.9,139.7,10,8.0
1891.3333333333333,28.3,14.3,3.7,-10.6,43.4,81.3,9,3.0
1891.4166666666667,28.9,21.6,8.0,-2.2,32.3,0.0,5,0.0
1891.5,31.7,23.9,14.0,3.9,87.4,0.0,13,0.0
1891.5833333333333,28.9,24.7,13.5,6.7,75.9,0.0,13,0.0
1891.6666666666667,34.4,26.1,14.2,5.6,80.8,0.0,10,0.0
1891.75,33.9,26.1,13.5,6.1,44.4,0.0,6,0.0
1891.8333333333333,23.3,15.4,4.6,-1.7,42.4,0.0,7,0.0
1891.9166666666667,15.6,3.2,-6.9,-25.0,22.1,223.5,7,6.0
1892.0,11.7,3.2,-5.3,-21.1,80.3,147.3,10,4.0
1892.0833333333333,8.3,-4.4,-16.1,-31.7,1.3,15.2,2,2.0
1892.1666666666667,9.4,-1.2,-8.8,-27.2,34.8,182.9,11,8.0
1892.25,13.3,4.0,-6.4,-20.0,24.6,185.4,9,5.0
1892.3333333333333,19.4,11.5,1.3,-8.3,32.3,0.0,7,0.0
1892.4166666666667,23.3,15.5,6.3,-0.6,169.2,76.2,18,1.0
1892.5,32.2,23.2,13.1,6.1,171.2,0.0,15,0.0
1892.5833333333333,32.8,27.1,17.0,11.1,301.5,0.0,11,0.0
1892.6666666666667,30.6,26.5,15.7,7.8,119.6,0.0,9,0.0
1892.75,29.4,22.7,12.3,6.1,36.8,0.0,6,0.0
1892.8333333333333,28.9,18.1,5.7,-3.9,11.4,0.0,4,0.0
1892.9166666666667,10.6,3.2,-6.0,-17.2,10.9,88.9,4,2.0
1893.0,7.2,-4.5,-12.4,-26.7,19.0,160.0,7,5.0
1893.0833333333333,4.4,-7.6,-19.9,-28.9,22.1,289.6,12,12.0
1893.1666666666667,3.9,-5.1,-17.0,-32.8,40.1,452.1,9,9.0
1893.25,11.7,1.3,-9.1,-21.7,53.1,180.3,8,4.0
1893.3333333333333,22.8,9.4,-0.2,-6.1,132.3,330.2,12,3.0
1893.4166666666667,26.1,18.0,7.1,0.6,63.5,0.0,11,0.0
1893.5,33.3,27.7,16.7,8.3,46.5,0.0,8,0.0
1893.5833333333333,36.1,29.4,17.4,12.8,42.2,0.0,8,0.0
1893.6666666666667,35.0,27.7,14.0,7.8,160.0,0.0,10,0.0
1893.75,34.4,24.0,10.4,0.0,72.6,0.0,6,0.0
1893.8333333333333,27.8,16.2,4.3,-7.8,42.4,0.0,14,0.0
1893.9166666666667,22.8,6.2,-5.3,-23.3,29.2,208.3,6,4.0
1894.0,6.1,-4.8,-15.2,-26.1,61.2,312.4,13,11.0
1894.0833333333333,6.7,-6.1,-15.7,-31.1,28.4,304.8,13,13.0
1894.1666666666667,5.6,-3.9,-14.2,-24.4,0.8,7.6,3,3.0
1894.25,24.4,7.6,-2.6,-18.9,69.1,284.5,12,7.0
1894.3333333333333,25.0,14.5,5.0,-5.0,117.1,147.3,15,2.0
1894.4166666666667,30.0,21.2,8.9,3.3,121.2,0.0,12,0.0
1894.5,33.9,29.0,16.8,5.0,29.2,0.0,8,0.0
1894.5833333333333,37.8,31.7,18.2,12.2,5.1,0.0,5,0.0
1894.6666666666667,35.6,29.0,15.8,9.4,9.7,0.0,4,0.0
1894.75,34.4,24.4,11.5,2.8,38.6,0.0,3,0.0
1894.8333333333333,24.4,15.0,5.2,0.6,115.3,0.0,15,0.0
1894.9166666666667,11.7,2.5,-6.4,-18.9,10.4,20.3,6,2.0
1895.0,11.1,2.0,-6.3,-25.6,35.6,68.6,8,3.0
1895.0833333333333,0.6,-9.4,-18.5,-28.9,22.4,228.6,8,8.0
1895.1666666666667,11.7,-6.0,-16.2,-32.2,10.7,83.8,4,3.0
1895.25,14.4,4.7,-7.0,-22.8,11.2,10.2,5,3.0
1895.3333333333333,25.0,18.1,5.4,-4.4,42.7,0.0,8,0.0
1895.4166666666667,33.3,21.1,9.5,-0.6,73.7,0.0,16,0.0
1895.5,29.4,25.5,14.3,8.3,93.2,0.0,10,0.0
1895.5833333333333,34.4,27.6,15.4,8.9,111.0,0.0,3,0.0
1895.6666666666667,34.4,27.5,14.9,7.2,48.8,0.0,12,0.0
1895.75,35.6,25.0,12.9,1.1,108.2,0.0,9,0.0
1895.8333333333333,22.8,13.2,1.3,-8.9,1.3,10.2,3,1.0
1895.9166666666667,19.4,4.6,-4.6,-19.4,17.8,66.0,10,7.0
1896.0,5.6,-1.6,-8.9,-20.0,3.8,15.2,4,3.0
1896.0833333333333,7.2,-3.7,-13.3,-28.3,17.0,132.1,11,9.0
1896.1666666666667,17.8,-0.3,-10.4,-25.0,3.6,55.9,5,5.0
1896.25,14.4,2.0,-8.3,-20.6,68.6,218.4,10,6.0
1896.3333333333333,27.2,14.0,4.0,-9.4,130.0,188.0,17,3.0
1896.4166666666667,31.7,22.9,12.8,5.0,100.1,0.0,16,0.0
1896.5,32.2,26.3,14.8,7.8,68.3,0.0,9,0.0
1896.5833333333333,34.4,27.9,16.4,11.1,35.3,0.0,7,0.0
1896.6666666666667,37.2,27.9,15.6,8.3,89.2,0.0,9,0.0
1896.75,27.8,19.8,9.0,1.1,65.5,0.0,9,0.0
1896.8333333333333,24.4,13.0,3.0,-6.1,90.2,0.0,10,0.0
1896.9166666666667,11.1,-1.1,-9.3,-23.3,101.1,223.5,12,9.0
1897.0,8.9,-0.6,-7.9,-22.8,14.5,106.7,6,8.0
1897.0833333333333,8.9,-7.6,-16.1,-32.2,42.2,345.4,11,10.0
1897.1666666666667,2.8,-2.7,-10.6,-29.4,26.2,261.6,11,11.0
1897.25,16.1,0.0,-8.1,-23.3,77.5,406.4,12,11.0
1897.3333333333333,26.1,13.5,2.6,-6.1,37.6,12.7,9,2.0
1897.4166666666667,30.6,20.6,7.6,-0.6,47.5,0.0,10,0.0
1897.5,35.6,23.8,12.8,2.2,228.6,0.0,13,0.0
1897.5833333333333,35.0,29.0,18.2,12.8,108.5,0.0,12,0.0
1897.6666666666667,30.0,24.5,14.3,8.3,49.3,0.0,9,0.0
1897.75,32.8,26.3,14.6,3.9,41.7,0.0,10,0.0
1897.8333333333333,30.6,17.1,7.7,-0.6,42.4,0.0,8,0.0
1897.9166666666667,21.1,3.1,-5.8,-21.1,17.8,121.9,11,5.0
1898.0,7.8,-5.2,-13.4,-25.0,3.3,38.1,3,4.0
1898.0833333333333,6.1,-0.8,-9.2,-18.9,1.3,15.2,3,3.0
1898.1666666666667,8.3,-1.8,-10.9,-25.6,37.3,243.8,11,10.0
1898.25,16.1,6.0,-3.0,-11.7,42.4,322.6,11,10.0
1898.3333333333333,25.6,12.6,2.2,-7.8,37.1,53.3,10,3.0
1898.4166666666667,28.3,19.7,9.3,2.8,131.3,0.0,10,0.0
1898.5,33.9,25.5,15.3,10.0,68.3,0.0,11,0.0
1898.5833333333333,33.3,28.5,17.3,12.2,73.9,0.0,4,0.0
1898.6666666666667,36.1,26.4,15.3,10.6,59.2,0.0,7,0.0
1898.75,35.6,24.0,11.7,3.9,21.1,0.0,6,0.0
1898.8333333333333,27.2,12.0,3.5,-3.3,140.0,0.0,13,0.0
1898.9166666666667,16.1,3.4,-6.0,-21.7,37.8,358.1,8,5.0
1899.0,5.0,-5.3,-14.6,-28.9,1.8,38.1,5,7.0
1899.0833333333333,6.1,-5.2,-15.1,-32.2,19.6,203.2,7,7.0
1899.1666666666667,10.6,-9.1,-17.7,-36.1,22.1,386.1,9,8.0
1899.25,2.8,-3.9,-12.7,-24.4,61.0,599.4,9,10.0
1899.3333333333333,27.8,14.5,3.4,-11.1,14.5,0.0,4,0.0
1899.4166666666667,28.3,20.0,9.1,2.2,85.3,0.0,12,0.0
1899.5,30.0,24.5,15.1,8.3,153.2,0.0,14,0.0
1899.5833333333333,33.3,28.5,17.4,11.7,39.1,0.0,8,0.0
1899.6666666666667,35.6,27.5,17.1,12.2,80.3,0.0,12,0.0
1899.75,31.7,20.6,9.8,-1.7,33.3,0.0,10,0.0
1899.8333333333333,27.8,17.2,5.9,0.6,80.5,2.5,10,1.0
1899.9166666666667,16.1,9.1,1.1,-5.0,9.7,25.4,5,1.0
1900.0,10.6,-2.1,-9.7,-22.8,34.8,48.3,6,6.0
1900.0833333333333,10.6,-1.1,-10.8,-26.1,15.7,154.9,8,7.0
1900.1666666666667,2.8,-7.5,-18.5,-27.2,7.9,231.1,6,7.0
1900.25,12.2,1.1,-8.2,-23.3,38.1,424.2,8,8.0
1900.3333333333333,27.2,17.2,5.9,-3.3,44.7,38.1,8,1.0
1900.4166666666667,32.2,23.4,10.0,0.6,10.9,0.0,4,0.0
1900.5,34.4,26.7,14.1,7.8,56.1,0.0,6,0.0
1900.5833333333333,35.0,27.3,15.9,10.6,207.0,0.0,12,0.0
1900.6666666666667,34.4,30.1,19.4,14.4,169.4,0.0,9,0.0
1900.75,33.3,21.4,11.4,2.2,189.0,0.0,12,0.0
1900.8333333333333,26.1,19.6,9.1,1.1,114.8,0.0,11,0.0
1900.9166666666667,17.8,1.6,-5.4,-13.3,15.5,198.1,7,10.0
1901.0,6.7,-2.3,-10.0,-24.4,9.4,109.2,8,7.0
1901.0833333333333,5.6,-4.4,-14.3,-25.0,7.9,147.3,4,6.0
1901.1666666666667,4.4,-6.4,-15.5,-25.0,6.6,114.3,2,3.0
1901.25,12.8,2.4,-5.8,-22.2,46.7,485.1,12,9.0
1901.3333333333333,30.0,15.6,3.8,-4.4,40.1,0.0,6,0.0
1901.4166666666667,31.7,21.1,9.2,0.6,39.9,0.0,9,0.0
1901.5,35.0,26.2,14.9,2.8,158.8,0.0,15,0.0
1901.5833333333333,38.9,31.2,19.1,11.7,41.7,0.0,7,0.0
1901.6666666666667,33.9,28.4,16.4,8.9,67.3,0.0,7,0.0
1901.75,32.2,20.7,10.4,2.2,96.5,0.0,12,0.0
1901.8333333333333,27.8,16.2,5.6,-1.1,23.9,0.0,10,0.0
1901.9166666666667,14.4,4.1,-5.4,-11.1,25.4,81.3,5,2.0
1902.0,6.7,-4.8,-13.0,-32.8,11.7,182.9,9,9.0
1902.0833333333333,7.8,-2.7,-12.1,-27.2,11.2,134.6,8,8.0
1902.1666666666667,11.1,-3.2,-12.2,-26.1,11.9,111.8,4,6.0
1902.25,17.2,7.3,-2.7,-21.7,7.6,38.1,8,2.0
1902.3333333333333,28.9,13.3,0.6,-8.9,68.6,20.3,6,2.0
1902.4166666666667,30.0,20.6,10.7,1.1,110.0,0.0,15,0.0
1902.5,30.0,22.8,12.9,6.7,50.8,0.0,12,0.0
1902.5833333333333,31.1,27.2,16.8,12.2,153.7,0.0,14,0.0
1902.6666666666667,30.0,24.1,14.3,8.9,150.9,0.0,12,0.0
1902.75,27.8,19.1,9.0,2.2,102.4,0.0,11,0.0
1902.8333333333333,23.3,14.8,4.8,-1.1,35.6,0.0,11,0.0
1902.9166666666667,16.7,5.3,-0.8,-8.3,44.2,61.0,9,4.0
1903.0,3.9,-5.0,-13.3,-28.9,66.3,609.6,12,13.0
1903.0833333333333,4.4,-4.6,-14.7,-25.6,5.6,106.7,7,11.0
1903.1666666666667,5.6,-4.4,-14.7,-31.1,12.7,66.0,5,7.0
1903.25,15.6,4.7,-3.0,-13.3,52.1,104.1,7,2.0
1903.3333333333333,22.8,12.5,2.1,-4.4,76.7,38.1,15,3.0
1903.4166666666667,28.3,20.1,10.1,0.0,111.8,0.0,14,0.0
1903.5,29.4,23.6,13.6,4.4,25.9,0.0,6,0.0
1903.5833333333333,33.3,25.4,16.1,10.6,185.2,0.0,8,0.0
1903.6666666666667,31.1,22.4,14.4,8.9,117.1,0.0,12,0.0
1903.75,27.8,19.1,10.0,2.8,197.4,0.0,11,0.0
1903.8333333333333,22.8,14.7,5.3,-1.1,110.7,0.0,9,0.0
1903.9166666666667,18.9,2.9,-5.4,-17.8,7.9,63.5,3,3.0
1904.0,1.7,-5.9,-15.7,-28.3,16.3,210.8,13,11.0
1904.0833333333333,3.3,-9.7,-17.7,-36.1,10.9,215.9,5,6.0
1904.1666666666667,2.2,-10.6,-19.2,-28.3,19.0,335.3,13,14.0
1904.25,11.7,1.3,-6.1,-20.0,41.7,147.3,10,7.0
1904.3333333333333,22.8,9.5,0.4,-6.1,46.5,198.1,11,5.0
1904.4166666666667,28.9,19.6,8.8,1.7,89.9,0.0,10,0.0
1904.5,28.3,23.1,14.3,8.9,96.8,0.0,15,0.0
1904.5833333333333,33.3,24.7,15.7,11.7,121.4,0.0,13,0.0
1904.6666666666667,31.1,23.9,14.2,7.8,142.5,0.0,9,0.0
1904.75,28.3,20.0,10.8,3.3,81.0,0.0,7,0.0
1904.8333333333333,24.4,13.2,5.4,-1.7,125.5,0.0,14,0.0
1904.9166666666667,20.6,8.1,-0.8,-11.1,2.5,7.6,3,1.0
1905.0,10.0,-2.2,-11.2,-23.9,15.5,188.0,9,8.0
1905.0833333333333,2.2,-9.2,-18.2,-27.8,18.0,332.7,8,9.0
1905.1666666666667,13.3,-6.6,-15.7,-32.2,15.0,236.2,6,5.0
1905.25,19.4,6.2,-2.8,-16.1,18.5,25.4,8,3.0
1905.3333333333333,22.2,11.6,1.7,-6.1,18.8,0.0,4,0.0
1905.4166666666667,25.0,17.5,7.2,2.2,113.5,0.0,16,0.0
1905.5,29.4,23.1,13.5,7.2,180.6,0.0,17,0.0
1905.5833333333333,33.9,25.6,16.4,12.2,76.7,0.0,9,0.0
1905.6666666666667,35.0,26.5,16.5,10.0,109.7,0.0,13,0.0
1905.75,28.9,22.6,12.7,6.1,165.1,0.0,9,0.0
1905.8333333333333,27.8,11.8,3.3,-8.3,55.1,139.7,7,1.0
1905.9166666666667,16.1,6.3,-2.7,-22.2,78.0,292.1,6,3.0
1906.0,7.2,-0.6,-8.4,-18.3,1.5,48.3,4,4.0
1906.0833333333333,7.8,-2.3,-11.1,-22.2,39.4,449.6,6,8.0
1906.1666666666667,8.9,-3.6,-13.9,-27.2,8.9,114.3,2,3.0
1906.25,10.0,-1.3,-9.3,-21.1,19.3,101.6,8,5.0
1906.3333333333333,26.7,15.8,4.6,-2.2,56.1,0.0,9,0.0
1906.4166666666667,28.3,18.4,8.0,-0.6,262.4,2.5,19,1.0
1906.5,32.2,24.0,14.4,9.4,75.2,0.0,14,0.0
1906.5833333333333,32.8,26.7,16.4,12.2,76.5,0.0,11,0.0
1906.6666666666667,33.9,26.7,17.1,9.4,84.3,0.0,10,0.0
1906.75,33.3,23.4,13.8,6.1,138.2,0.0,10,0.0
1906.8333333333333,25.0,13.2,4.4,-4.4,49.0,0.0,7,0.0
1906.9166666666667,18.3,4.1,-2.4,-12.2,64.0,76.2,9,2.0
1907.0,5.6,-2.7,-11.0,-24.4,19.3,218.4,7,5.0
1907.0833333333333,2.8,-9.2,-18.2,-27.8,23.6,325.1,12,11.0
1907.1666666666667,9.4,-3.0,-13.2,-30.0,19.3,294.6,6,5.0
1907.25,17.8,4.4,-5.2,-15.0,14.2,147.3,6,3.0
1907.3333333333333,16.7,7.6,-2.1,-6.7,34.8,330.2,5,2.0
1907.4166666666667,29.4,13.0,3.5,-5.6,51.1,20.3,11,1.0
1907.5,32.8,23.8,13.5,6.7,92.5,0.0,11,0.0
1907.5833333333333,32.2,26.9,16.6,12.8,106.7,0.0,8,0.0
1907.6666666666667,34.4,25.9,15.2,8.9,141.7,0.0,8,0.0
1907.75,28.9,19.4,10.1,0.6,108.2,0.0,10,0.0
1907.8333333333333,25.0,14.2,3.5,-3.3,32.0,0.0,7,0.0
1907.9166666666667,13.3,5.2,-2.3,-11.7,19.3,7.6,5,1.0
1908.0,8.3,0.5,-8.3,-18.9,14.7,185.4,7,10.0
1908.0833333333333,11.1,-1.2,-12.3,-31.7,12.4,203.2,5,3.0
1908.1666666666667,11.1,-1.9,-9.8,-22.2,24.9,269.2,7,6.0
1908.25,17.2,3.1,-6.0,-20.0,37.6,363.2,8,6.0
1908.3333333333333,27.2,13.7,2.6,-8.9,103.4,297.2,10,6.0
1908.4166666666667,28.9,18.4,8.5,-2.2,206.8,0.0,15,0.0
1908.5,30.6,23.0,13.8,7.2,169.7,0.0,11,0.0
1908.5833333333333,34.4,27.8,17.4,10.0,55.6,0.0,8,0.0
1908.6666666666667,33.3,26.0,15.1,7.8,15.7,0.0,8,0.0
1908.75,34.4,25.7,14.3,-0.6,124.7,0.0,7,0.0
1908.8333333333333,26.1,14.0,4.9,-5.0,57.7,0.0,9,0.0
1908.9166666666667,16.7,6.7,-2.0,-15.0,25.9,7.6,6,1.0
1909.0,8.9,-1.6,-10.6,-22.2,33.8,342.9,5,6.0
1909.0833333333333,6.7,-5.3,-14.1,-32.2,34.8,322.6,8,7.0
1909.1666666666667,8.3,-3.4,-12.2,-26.1,54.4,614.7,8,9.0
1909.25,10.0,1.9,-5.0,-16.7,10.2,94.0,5,5.0
1909.3333333333333,18.3,8.2,-0.9,-7.8,56.6,215.9,10,6.0
1909.4166666666667,31.1,18.5,7.7,-4.4,97.8,45.7,12,1.0
1909.5,32.2,24.8,14.5,6.7,68.1,0.0,9,0.0
1909.5833333333333,33.3,27.2,16.8,12.2,127.8,0.0,4,0.0
1909.6666666666667,33.9,28.4,18.1,8.9,53.1,0.0,13,0.0
1909.75,28.9,21.3,10.9,6.1,75.7,0.0,13,0.0
1909.8333333333333,28.3,12.5,4.0,-5.0,52.1,0.0,8,0.0
1909.9166666666667,18.9,7.4,-1.2,-12.8,69.6,279.4,8,3.0
1910.0,8.9,-7.5,-14.2,-27.2,60.5,487.7,14,10.0
1910.0833333333333,3.9,-4.9,-13.5,-27.8,27.4,358.1,8,11.0
1910.1666666666667,7.2,-6.2,-16.6,-27.8,13.0,154.9,6,7.0
1910.25,28.3,13.0,1.4,-8.9,2.3,22.9,2,1.0
1910.3333333333333,29.4,17.2,3.4,-7.2,16.3,124.5,7,3.0
1910.4166666666667,26.1,18.2,7.0,1.1,35.3,0.0,6,0.0
1910.5,35.6,27.8,15.7,2.8,30.2,0.0,6,0.0
1910.5833333333333,34.4,29.2,17.3,11.1,18.8,0.0,6,0.0
1910.6666666666667,32.2,26.0,15.2,8.9,39.6,0.0,8,0.0
1910.75,31.1,22.1,10.7,3.9,65.5,0.0,6,0.0
1910.8333333333333,28.9,18.0,6.4,-5.0,21.8,2.5,7,1.0
1910.9166666666667,10.0,1.0,-5.7,-13.3,15.0,96.5,8,6.0
1911.0,7.2,-2.7,-11.6,-22.2,7.9,106.7,4,4.0
1911.0833333333333,5.0,-6.2,-17.0,-31.1,18.0,256.5,11,9.0
1911.1666666666667,7.2,-1.0,-10.1,-19.4,22.6,149.9,9,5.0
1911.25,23.9,8.0,-3.5,-17.8,31.8,116.8,6,4.0
1911.3333333333333,26.1,12.3,3.0,-9.4,64.8,221.0,12,5.0
1911.4166666666667,33.3,23.8,11.3,-1.1,104.1,0.0,9,0.0
1911.5,36.7,28.5,17.1,10.0,176.0,0.0,10,0.0
1911.5833333333333,37.2,27.5,16.0,10.0,117.3,0.0,16,0.0
1911.6666666666667,31.7,24.2,14.3,7.2,92.7,0.0,12,0.0
1911.75,31.1,20.1,10.2,5.0,148.1,0.0,12,0.0
1911.8333333333333,22.2,11.5,4.0,-5.0,163.1,0.0,11,0.0
1911.9166666666667,6.7,-0.7,-9.3,-17.8,31.8,307.3,11,8.0
1912.0,8.3,-0.9,-8.0,-22.8,49.5,365.8,8,7.0
1912.0833333333333,-3.3,-15.4,-23.2,-35.0,11.2,213.4,7,7.0
1912.1666666666667,5.0,-5.7,-14.7,-28.3,4.8,68.6,3,4.0
1912.25,13.9,0.3,-9.0,-20.6,8.6,116.8,7,6.0
1912.3333333333333,26.1,15.3,3.2,-2.2,56.4,12.7,6,1.0
1912.4166666666667,27.2,20.4,9.6,2.2,118.9,0.0,11,0.0
1912.5,34.4,23.8,13.1,7.8,23.9,0.0,6,0.0
1912.5833333333333,32.2,26.6,17.0,9.4,179.8,0.0,10,0.0
1912.6666666666667,32.8,24.0,14.7,8.3,141.2,0.0,13,0.0
1912.75,35.0,21.5,11.0,0.6,40.4,0.0,11,0.0
1912.8333333333333,30.0,16.6,5.0,-4.4,31.2,0.0,4,0.0
1912.9166666666667,16.1,7.9,-1.8,-8.9,2.0,25.4,3,3.0
1913.0,10.6,0.4,-9.3,-20.0,49.0,434.3,9,7.0
1913.0833333333333,6.1,-4.9,-16.1,-28.3,10.7,114.3,9,8.0
1913.1666666666667,11.7,-5.8,-15.6,-26.7,18.8,297.2,4,6.0
1913.25,14.4,2.0,-9.0,-27.2,41.9,294.6,15,14.0
1913.3333333333333,30.0,14.9,4.0,-1.7,47.2,127.0,10,4.0
1913.4166666666667,31.7,18.4,8.1,1.1,72.6,0.0,14,0.0
1913.5,35.0,27.2,15.6,6.1,56.1,0.0,7,0.0
1913.5833333333333,36.1,26.4,16.3,11.7,196.8,0.0,15,0.0
1913.6666666666667,37.8,27.6,17.8,12.8,35.6,0.0,8,0.0
1913.75,36.1,21.3,11.4,-0.6,108.5,0.0,10,0.0
1913.8333333333333,28.9,13.0,2.9,-8.9,64.8,27.9,8,3.0
1913.9166666666667,17.8,8.6,0.5,-10.6,12.2,15.2,9,1.0
1914.0,13.3,2.9,-4.6,-12.2,1.3,0.0,1,0.0
1914.0833333333333,6.1,-1.6,-10.1,-23.3,21.1,195.6,8,7.0
1914.1666666666667,5.6,-8.4,-18.7,-28.3,11.4,172.7,9,11.0
1914.25,12.8,3.0,-4.6,-21.1,24.9,73.7,11,6.0
1914.3333333333333,25.0,12.4,1.7,-7.2,93.7,86.4,10,2.0
1914.4166666666667,33.9,21.0,10.6,0.6,45.7,0.0,9,0.0
1914.5,31.1,24.2,14.5,7.2,219.2,0.0,21,0.0
1914.5833333333333,35.6,29.3,18.6,12.2,29.7,0.0,5,0.0
1914.6666666666667,35.6,25.9,15.4,8.3,221.0,0.0,10,0.0
1914.75,29.4,22.1,11.7,5.6,70.1,0.0,5,0.0
1914.8333333333333,27.2,18.1,7.8,-3.3,40.1,0.0,5,0.0
1914.9166666666667,18.9,6.8,-2.4,-18.3,4.8,10.2,3,2.0
1915.0,6.7,-7.3,-14.7,-28.9,9.4,213.4,9,7.0
1915.0833333333333,5.0,-6.8,-14.8,-31.1,34.8,416.6,10,11.0
1915.1666666666667,5.6,-0.1,-7.1,-17.8,51.1,162.6,10,8.0
1915.25,7.8,1.6,-6.2,-14.4,23.6,363.2,8,7.0
1915.3333333333333,27.8,18.7,7.9,-1.7,47.5,0.0,11,0.0
1915.4166666666667,30.0,15.9,6.5,-2.8,101.1,50.8,19,1.0
1915.5,29.4,21.7,12.1,3.9,124.7,0.0,15,0.0
1915.5833333333333,31.1,24.2,15.0,10.0,150.4,0.0,11,0.0
1915.6666666666667,30.0,23.9,13.3,7.2,88.6,0.0,9,0.0
1915.75,30.6,20.7,11.1,4.4,65.3,0.0,13,0.0
1915.8333333333333,23.9,15.4,6.1,-1.1,65.8,0.0,8,0.0
1915.9166666666667,20.0,5.7,-1.9,-10.6,91.9,129.5,6,4.0
1916.0,8.3,-1.7,-8.7,-19.4,11.7,193.0,6,8.0
1916.0833333333333,6.7,-6.3,-18.1,-34.4,73.2,607.1,11,11.0
1916.1666666666667,8.3,-7.1,-16.2,-28.9,8.1,185.4,10,11.0
1916.25,13.9,1.5,-8.1,-22.2,30.2,142.2,8,8.0
1916.3333333333333,18.9,10.8,2.0,-10.0,78.0,30.5,11,3.0
1916.4166666666667,28.3,19.0,8.7,1.1,177.0,0.0,15,0.0
1916.5,29.4,21.5,12.8,8.9,115.3,0.0,14,0.0
1916.5833333333333,36.1,31.3,20.9,15.6,32.3,0.0,7,0.0
1916.6666666666667,36.1,27.6,16.9,9.4,42.2,0.0,8,0.0
1916.75,32.8,20.5,10.3,1.7,61.5,0.0,13,0.0
1916.8333333333333,26.1,13.0,3.5,-5.6,40.6,109.2,7,2.0
1916.9166666666667,22.2,5.6,-2.6,-12.8,14.7,2.5,5,1.0
1917.0,12.8,-6.4,-15.4,-31.1,24.9,345.4,10,9.0
1917.0833333333333,5.6,-9.1,-18.6,-31.7,39.9,731.5,7,9.0
1917.1666666666667,5.6,-9.3,-19.9,-31.7,10.9,195.6,10,10.0
1917.25,13.9,1.4,-6.7,-26.1,69.6,759.5,8,6.0
1917.3333333333333,25.6,10.0,1.0,-3.9,43.2,12.7,12,1.0
1917.4166666666667,30.0,18.4,6.7,-1.1,107.7,0.0,9,0.0
1917.5,31.1,22.6,12.1,6.1,95.8,0.0,13,0.0
1917.5833333333333,37.2,27.7,17.9,11.1,103.1,0.0,14,0.0
1917.6666666666667,32.8,24.9,14.4,7.8,71.9,0.0,5,0.0
1917.75,28.9,20.5,10.5,2.8,54.9,0.0,9,0.0
1917.8333333333333,20.0,7.7,-0.3,-7.8,43.2,58.4,11,4.0
1917.9166666666667,16.7,7.5,0.1,-7.2,1.5,22.9,2,2.0
1918.0,7.8,-7.9,-16.7,-31.1,10.4,157.5,7,8.0
1918.0833333333333,2.2,-11.3,-19.7,-30.0,9.7,134.6,13,12.0
1918.1666666666667,8.9,-2.3,-13.3,-28.9,14.0,124.5,5,3.0
1918.25,20.0,9.0,-1.2,-15.6,23.6,284.5,3,2.0
1918.3333333333333,21.1,12.5,1.1,-6.1,23.1,0.0,8,0.0
1918.4166666666667,31.1,21.3,9.9,0.6,109.7,0.0,15,0.0
1918.5,30.6,24.4,14.3,7.8,71.9,0.0,9,0.0
1918.5833333333333,34.4,26.5,16.4,10.6,128.8,0.0,11,0.0
1918.6666666666667,33.3,26.7,16.5,11.1,94.7,0.0,13,0.0
1918.75,27.2,18.1,7.6,2.2,31.8,0.0,5,0.0
1918.8333333333333,27.2,14.9,6.2,-2.2,58.7,0.0,11,0.0
1918.9166666666667,17.8,7.0,-0.5,-10.0,103.1,12.7,10,1.0
1919.0,9.4,1.1,-5.0,-13.3,43.4,121.9,14,7.0
1919.0833333333333,7.2,-1.3,-9.5,-30.6,10.9,116.8,6,5.0
1919.1666666666667,2.8,-4.7,-12.7,-25.0,51.3,292.1,7,7.0
1919.25,17.2,3.8,-5.6,-22.2,21.3,38.1,6,3.0
1919.3333333333333,23.3,11.6,3.0,-2.8,87.4,55.9,14,1.0
1919.4166666666667,31.1,19.7,9.4,1.1,43.4,0.0,7,0.0
1919.5,32.8,25.6,16.8,9.4,102.6,0.0,13,0.0
1919.5833333333333,35.6,28.7,18.5,13.3,157.2,0.0,12,0.0
1919.6666666666667,31.7,26.1,15.4,10.6,47.8,0.0,10,0.0
1919.75,32.8,23.0,13.0,5.0,37.3,0.0,11,0.0
1919.8333333333333,25.0,11.5,2.7,-7.2,42.9,66.0,11,1.0
1919.9166666666667,13.3,0.9,-6.9,-22.2,69.3,279.4,11,11.0
1920.0,4.4,-8.1,-15.4,-25.6,17.3,203.2,5,6.0
1920.0833333333333,3.9,-9.3,-17.8,-27.2,46.7,469.9,12,13.0
1920.1666666666667,1.7,-5.0,-12.8,-28.3,11.7,127.0,9,7.0
1920.25,22.8,4.9,-5.7,-22.8,68.8,363.2,8,5.0
1920.3333333333333,20.6,8.3,-1.0,-12.8,56.6,139.7,11,5.0
1920.4166666666667,28.9,20.8,9.5,2.2,67.8,0.0,7,0.0
1920.5,34.4,25.2,15.2,7.2,214.1,0.0,13,0.0
1920.5833333333333,33.3,26.7,16.2,12.8,33.0,0.0,8,0.0
1920.6666666666667,33.9,26.8,15.5,10.0,29.0,0.0,6,0.0
1920.75,32.8,24.0,13.3,4.4,49.5,0.0,9,0.0
1920.8333333333333,26.1,18.6,8.6,-3.3,70.9,0.0,11,0.0
1920.9166666666667,11.7,3.6,-2.4,-12.8,31.5,27.9,8,6.0
1921.0,7.8,-1.7,-7.7,-23.9,15.7,238.8,6,6.0
1921.0833333333333,9.4,-1.4,-9.7,-22.2,11.2,86.4,6,4.0
1921.1666666666667,17.2,0.2,-8.9,-21.1,13.0,142.2,6,6.0
1921.25,21.7,5.8,-4.0,-16.7,56.1,25.4,8,3.0
1921.3333333333333,27.2,15.8,4.8,-5.0,51.8,2.5,10,1.0
1921.4166666666667,32.8,20.8,10.4,-1.1,88.6,0.0,16,0.0
1921.5,37.2,28.6,18.4,7.8,96.8,0.0,8,0.0
1921.5833333333333,36.7,30.6,19.9,12.8,80.3,0.0,10,0.0
1921.6666666666667,33.3,26.6,16.1,10.6,51.6,0.0,7,0.0
1921.75,32.8,22.6,12.9,5.0,101.3,0.0,14,0.0
1921.8333333333333,23.9,15.3,6.2,0.6,9.4,0.0,5,0.0
1921.9166666666667,12.2,0.7,-5.7,-19.4,40.1,421.6,8,9.0
1922.0,6.7,-2.3,-10.6,-27.8,6.6,81.3,7,6.0
1922.0833333333333,3.9,-5.6,-14.7,-27.8,22.4,177.8,7,8.0
1922.1666666666667,5.0,-6.3,-16.4,-26.1,82.6,345.4,11,11.0
1922.25,10.6,4.1,-3.6,-18.3,40.6,35.6,9,4.0
1922.3333333333333,20.6,12.4,2.7,-2.2,34.3,38.1,11,2.0
1922.4166666666667,30.0,22.3,12.4,5.0,74.7,0.0,13,0.0
1922.5,37.2,26.2,15.4,10.0,143.0,0.0,12,0.0
1922.5833333333333,32.8,26.3,15.9,11.1,42.4,0.0,8,0.0
1922.6666666666667,35.0,28.6,17.5,11.1,42.2,0.0,8,0.0
1922.75,36.7,24.3,13.1,4.4,54.9,0.0,11,0.0
1922.8333333333333,31.7,16.9,7.0,-1.1,30.7,10.2,5,1.0
1922.9166666666667,16.7,7.1,1.3,-8.3,90.7,20.3,13,1.0
1923.0,10.6,-3.4,-12.0,-24.4,3.8,43.2,4,3.0
1923.0833333333333,6.7,-3.6,-12.1,-20.6,25.7,299.7,12,13.0
1923.1666666666667,6.1,-7.0,-17.1,-31.7,13.5,106.7,6,6.0
1923.25,13.3,-0.5,-11.2,-22.2,27.4,299.7,9,12.0
1923.3333333333333,28.3,11.9,1.4,-8.9,50.5,279.4,9,6.0
1923.4166666666667,30.0,20.9,9.9,-1.1,75.4,12.7,10,1.0
1923.5,33.3,27.3,16.2,8.3,128.0,0.0,13,0.0
1923.5833333333333,36.1,30.1,18.7,13.3,79.2,0.0,6,0.0
1923.6666666666667,31.1,24.9,14.3,7.8,50.3,0.0,13,0.0
1923.75,31.1,22.6,11.9,1.1,40.9,0.0,12,0.0
1923.8333333333333,25.0,13.8,4.0,-7.2,30.2,0.0,6,0.0
1923.9166666666667,16.1,8.6,-0.3,-6.7,11.4,35.6,5,2.0
1924.0,12.8,3.2,-5.5,-24.4,10.4,68.6,6,3.0
1924.0833333333333,6.7,-8.5,-18.2,-33.3,13.7,195.6,6,7.0
1924.1666666666667,6.7,-1.6,-9.8,-17.8,16.0,139.7,8,8.0
1924.25,10.0,2.3,-4.7,-16.1,31.2,320.0,8,7.0
1924.3333333333333,26.1,11.9,1.7,-12.2,85.9,50.8,17,1.0
1924.4166666666667,26.1,15.4,5.0,0.0,26.2,12.7,12,2.0
1924.5,30.0,23.3,12.9,6.7,186.7,0.0,12,0.0
1924.5833333333333,32.2,26.8,15.4,8.3,31.0,0.0,10,0.0
1924.6666666666667,33.3,25.4,14.7,8.9,186.7,0.0,16,0.0
1924.75,25.6,18.8,9.6,2.2,87.1,0.0,8,0.0
1924.8333333333333,26.1,19.0,8.2,1.7,19.3,0.0,7,0.0
1924.9166666666667,16.7,5.0,-3.8,-13.9,16.5,81.3,6,3.0
1925.0,7.2,-8.2,-17.1,-28.9,21.1,254.0,8,7.0
1925.0833333333333,5.6,-5.0,-14.6,-27.2,11.7,137.2,5,6.0
1925.1666666666667,10.6,-1.6,-9.9,-21.7,10.4,106.7,7,5.0
1925.25,22.8,6.9,-3.4,-19.4,11.2,7.6,4,2.0
1925.3333333333333,29.4,17.3,6.2,-0.6,30.7,0.0,10,0.0
1925.4166666666667,37.2,19.1,6.9,0.0,67.6,2.5,11,1.0
1925.5,33.3,24.8,14.3,5.6,120.9,0.0,15,0.0
1925.5833333333333,36.1,26.9,16.2,11.1,102.4,0.0,9,0.0
1925.6666666666667,33.3,28.2,16.7,11.1,5.1,0.0,2,0.0
1925.75,36.7,24.1,13.4,3.9,85.1,0.0,10,0.0
1925.8333333333333,15.6,6.8,0.1,-12.2,14.7,83.8,9,6.0
1925.9166666666667,17.2,4.9,-4.3,-14.4,13.5,91.4,4,2.0
1926.0,4.4,-5.2,-11.9,-25.0,19.8,81.3,6,6.0
1926.0833333333333,3.9,-3.4,-13.3,-28.3,18.0,200.7,7,7.0
1926.1666666666667,10.0,-0.4,-8.9,-14.4,14.0,139.7,12,10.0
1926.25,15.6,1.2,-7.8,-19.4,40.9,271.8,9,7.0
1926.3333333333333,26.7,12.9,0.8,-10.0,14.7,71.1,5,3.0
1926.4166666666667,31.1,23.5,10.4,-2.2,28.7,0.0,8,0.0
1926.5,34.4,23.3,12.4,5.6,95.5,0.0,10,0.0
1926.5833333333333,38.9,27.8,17.4,10.0,88.6,0.0,14,0.0
1926.6666666666667,37.2,25.8,16.1,12.2,94.5,0.0,11,0.0
1926.75,31.1,18.4,9.9,-0.6,131.6,0.0,12,0.0
1926.8333333333333,22.8,12.9,4.0,-5.0,40.9,2.5,10,1.0
1926.9166666666667,15.6,1.2,-6.2,-13.9,46.2,124.5,12,7.0
1927.0,3.9,-5.5,-13.5,-27.8,37.6,312.4,9,7.0
1927.0833333333333,6.7,-5.8,-14.6,-29.4,13.7,139.7,9,9.0
1927.1666666666667,9.4,-0.5,-9.4,-23.3,8.9,53.3,4,4.0
1927.25,20.6,6.0,-2.1,-12.2,61.7,104.1,10,5.0
1927.3333333333333,25.6,12.5,3.5,-3.9,63.0,27.9,11,1.0
1927.4166666666667,27.8,16.7,7.5,2.2,81.8,0.0,17,0.0
1927.5,35.6,23.4,13.1,5.0,172.0,0.0,10,0.0
1927.5833333333333,32.2,25.9,15.8,10.6,47.2,0.0,9,0.0
1927.6666666666667,31.1,25.2,13.7,7.8,53.6,0.0,5,0.0
1927.75,33.3,21.4,13.0,2.2,109.7,0.0,13,0.0
1927.8333333333333,26.7,16.5,5.5,-1.1,58.4,0.0,9,0.0
1927.9166666666667,10.0,2.4,-4.6,-15.6,38.1,134.6,9,6.0
1928.0,3.9,-8.4,-17.4,-26.1,58.7,579.1,15,14.0
1928.0833333333333,7.8,-4.0,-12.4,-28.9,8.4,81.3,7,6.0
1928.1666666666667,8.3,-1.9,-9.5,-20.6,38.4,81.3,7,8.0
1928.25,24.4,5.3,-4.3,-15.6,23.6,144.8,2,1.0
1928.3333333333333,23.3,9.0,-0.6,-7.8,59.2,429.3,8,7.0
1928.4166666666667,31.7,21.7,10.6,5.0,60.5,0.0,8,0.0
1928.5,27.8,21.9,12.1,7.2,65.8,0.0,13,0.0
1928.5833333333333,34.4,27.7,17.1,12.2,93.5,0.0,11,0.0
1928.6666666666667,34.4,26.6,16.0,9.4,148.3,0.0,11,0.0
1928.75,27.2,19.9,9.3,1.1,55.1,0.0,8,0.0
1928.8333333333333,32.2,15.1,5.6,-5.0,80.5,0.0,12,0.0
1928.9166666666667,15.0,6.0,-1.1,-9.4,8.9,0.0,4,0.0
1929.0,7.2,0.5,-7.5,-23.9,10.9,91.4,9,5.0
1929.0833333333333,2.8,-12.2,-21.2,-31.1,40.6,464.8,17,17.0
1929.1666666666667,1.7,-7.9,-16.1,-28.9,26.7,297.2,12,12.0
1929.25,15.6,5.6,-3.3,-19.4,33.3,162.6,9,5.0
1929.3333333333333,25.6,13.4,3.1,-6.1,41.1,233.7,13,4.0
1929.4166666666667,31.7,18.1,7.3,-1.7,48.5,5.1,9,2.0
1929.5,33.3,24.3,13.1,5.6,106.9,0.0,10,0.0
1929.5833333333333,36.1,28.9,17.8,11.7,84.6,0.0,8,0.0
1929.6666666666667,33.3,27.3,16.0,10.6,54.6,0.0,7,0.0
1929.75,35.0,19.7,10.4,0.0,90.7,0.0,12,0.0
1929.8333333333333,26.1,14.7,5.1,-1.7,55.1,48.3,9,1.0
1929.9166666666667,12.8,2.2,-5.6,-21.7,9.1,68.6,9,5.0
1930.0,7.8,-4.0,-11.5,-25.0,9.1,134.6,7,6.0
1930.0833333333333,4.4,-9.3,-18.5,-28.9,24.1,279.4,8,9.0
1930.1666666666667,15.0,2.0,-7.1,-24.4,67.6,121.9,11,10.0
1930.25,21.7,4.7,-5.1,-18.9,12.2,45.7,5,3.0
1930.3333333333333,27.2,15.4,3.9,-5.6,15.7,0.0,5,0.0
1930.4166666666667,30.0,20.1,9.2,0.0,85.9,0.0,11,0.0
1930.5,32.8,25.6,15.1,10.0,169.7,0.0,17,0.0
1930.5833333333333,36.7,30.0,18.2,10.0,23.4,0.0,7,0.0
1930.6666666666667,36.7,29.8,18.2,12.2,18.3,0.0,7,0.0
1930.75,31.1,22.5,11.2,1.1,105.2,0.0,9,0.0
1930.8333333333333,30.0,13.1,4.6,-6.1,29.0,12.7,10,2.0
1930.9166666666667,20.0,7.7,-2.1,-20.0,61.2,119.4,8,5.0
1931.0,7.2,-1.6,-8.4,-23.9,1.5,17.8,2,3.0
1931.0833333333333,11.1,0.6,-7.5,-20.6,3.3,22.9,4,4.0
1931.1666666666667,13.9,4.4,-4.5,-17.8,17.8,177.8,4,2.0
1931.25,10.6,3.4,-4.1,-11.1,37.8,10.2,7,3.0
1931.3333333333333,28.3,15.8,4.3,-2.2,30.5,0.0,6,0.0
1931.4166666666667,32.8,19.1,7.7,-1.1,34.3,0.0,8,0.0
1931.5,38.9,28.8,17.6,8.3,121.4,0.0,12,0.0
1931.5833333333333,40.0,30.6,19.3,13.9,28.4,0.0,8,0.0
1931.6666666666667,37.2,26.8,16.0,7.8,75.4,0.0,8,0.0
1931.75,40.0,25.8,14.9,6.1,61.5,0.0,12,0.0
1931.8333333333333,27.2,17.0,7.9,3.3,47.5,0.0,13,0.0
1931.9166666666667,20.0,8.8,0.4,-11.1,83.6,17.8,15,3.0
1932.0,8.9,2.0,-4.1,-18.3,18.0,88.9,8,5.0
1932.0833333333333,5.6,-3.8,-11.7,-27.2,43.2,475.0,11,10.0
1932.1666666666667,13.9,-1.9,-12.1,-21.7,18.8,205.7,9,8.0
1932.25,16.7,-1.6,-9.7,-21.1,36.1,340.4,10,10.0
1932.3333333333333,25.6,13.1,3.1,-4.4,54.6,55.9,9,3.0
1932.4166666666667,35.0,20.4,9.7,2.8,52.1,0.0,14,0.0
1932.5,33.9,27.7,17.1,13.3,39.6,0.0,9,0.0
1932.5833333333333,38.3,29.3,18.1,10.0,110.7,0.0,8,0.0
1932.6666666666667,33.9,27.8,17.3,10.6,98.3,0.0,7,0.0
1932.75,29.4,22.5,10.8,5.0,21.6,0.0,6,0.0
1932.8333333333333,26.7,12.3,3.6,-1.7,22.6,86.4,10,2.0
1932.9166666666667,17.2,3.9,-5.4,-20.6,57.9,20.3,9,3.0
1933.0,9.4,-3.8,-13.1,-25.6,38.6,348.0,8,7.0
1933.0833333333333,7.8,-0.2,-9.7,-20.6,22.6,104.1,14,10.0
1933.1666666666667,7.8,-4.7,-15.1,-33.3,19.6,226.1,8,7.0
1933.25,13.9,3.1,-4.8,-18.9,54.6,119.4,8,4.0
1933.3333333333333,23.3,12.1,2.2,-2.2,36.3,22.9,11,2.0
1933.4166666666667,28.9,20.1,9.7,1.1,199.9,0.0,11,0.0
1933.5,37.8,31.7,19.4,9.4,33.3,0.0,6,0.0
1933.5833333333333,37.8,30.9,19.2,13.9,54.9,0.0,9,0.0
1933.6666666666667,33.9,27.2,15.8,10.0,27.7,0.0,5,0.0
1933.75,34.4,25.0,14.3,7.2,87.4,0.0,7,0.0
1933.8333333333333,25.6,13.5,3.5,-5.6,32.0,7.6,5,1.0
1933.9166666666667,25.0,3.9,-5.3,-18.9,14.5,144.8,10,9.0
1934.0,9.4,-3.2,-13.5,-28.3,18.0,129.5,9,7.0
1934.0833333333333,8.3,-1.4,-10.5,-27.8,17.3,154.9,8,7.0
1934.1666666666667,10.6,-3.1,-11.9,-22.8,4.3,53.3,4,5.0
1934.25,18.3,3.9,-7.3,-16.7,17.3,149.9,10,6.0
1934.3333333333333,32.8,13.1,2.5,-2.8,39.9,10.2,7,1.0
1934.4166666666667,41.1,27.2,13.6,4.4,5.3,0.0,5,0.0
1934.5,40.0,28.9,16.7,10.6,58.4,0.0,12,0.0
1934.5833333333333,40.6,30.4,18.6,11.7,35.6,0.0,9,0.0
1934.6666666666667,36.1,26.7,15.6,5.6,40.9,0.0,7,0.0
1934.75,30.0,19.0,9.1,0.6,123.4,0.0,17,0.0
1934.8333333333333,27.2,17.0,7.5,-2.2,143.3,0.0,8,0.0
1934.9166666666667,21.1,7.4,0.1,-6.1,60.5,215.9,7,2.0
1935.0,5.6,-5.3,-13.7,-28.3,31.2,330.2,9,10.0
1935.0833333333333,4.4,-7.0,-16.4,-35.0,36.6,375.9,5,6.0
1935.1666666666667,7.8,-0.1,-7.1,-19.4,5.3,20.3,2,3.0
1935.25,20.6,5.6,-3.3,-11.1,41.4,116.8,6,2.0
1935.3333333333333,24.4,11.1,2.3,-7.8,58.9,175.3,10,4.0
1935.4166666666667,23.9,17.4,8.0,0.0,96.8,76.2,9,1.0
1935.5,31.7,22.9,13.1,5.0,122.4,0.0,15,0.0
1935.5833333333333,36.7,32.0,21.2,15.6,65.8,0.0,8,0.0
1935.6666666666667,35.0,27.7,17.4,7.2,76.7,0.0,11,0.0
1935.75,31.7,22.5,11.0,1.1,50.3,0.0,5,0.0
1935.8333333333333,23.9,14.2,4.2,-6.1,100.3,0.0,10,0.0
1935.9166666666667,10.0,2.1,-5.9,-15.0,17.5,66.0,9,5.0
1936.0,4.4,-4.7,-11.3,-24.4,26.4,210.8,8,8.0
1936.0833333333333,1.7,-11.5,-19.8,-36.7,19.6,231.1,13,12.0
1936.1666666666667,5.0,-13.6,-22.1,-32.2,39.4,500.4,10,10.0
1936.25,13.3,2.6,-4.9,-21.1,67.6,419.1,11,9.0
1936.3333333333333,22.8,8.9,-0.3,-14.4,37.6,66.0,11,3.0
1936.4166666666667,33.9,23.2,12.5,0.6,57.1,0.0,8,0.0
1936.5,35.0,24.7,13.5,7.8,58.2,0.0,10,0.0
1936.5833333333333,42.2,33.6,21.2,12.8,2.8,0.0,6,0.0
1936.6666666666667,39.4,29.2,18.2,11.7,88.4,0.0,7,0.0
1936.75,35.0,24.9,13.7,3.9,19.8,0.0,9,0.0
1936.8333333333333,23.9,13.4,2.5,-8.3,16.8,2.5,4,1.0
1936.9166666666667,13.9,3.3,-5.4,-12.2,16.8,43.2,3,2.0
1937.0,10.6,-0.8,-9.7,-25.6,45.2,284.5,10,7.0
1937.0833333333333,1.7,-9.2,-20.3,-27.8,31.5,309.9,11,10.0
1937.1666666666667,7.2,-5.7,-14.9,-26.1,12.2,193.0,6,9.0
1937.25,13.3,1.3,-7.0,-17.8,27.2,208.3,6,6.0
1937.3333333333333,19.4,11.1,2.8,-3.9,66.5,91.4,13,2.0
1937.4166666666667,32.2,20.9,10.0,2.2,137.7,0.0,12,0.0
1937.5,37.2,24.5,14.6,6.1,79.0,0.0,9,0.0
1937.5833333333333,37.8,30.8,19.2,11.1,12.2,0.0,5,0.0
1937.6666666666667,36.1,30.7,20.1,12.8,104.1,0.0,9,0.0
1937.75,36.1,23.2,11.8,2.8,42.4,0.0,8,0.0
1937.8333333333333,26.7,12.3,4.0,-4.4,34.5,0.0,9,0.0
1937.9166666666667,17.2,4.0,-4.1,-15.0,13.0,30.5,7,1.0
1938.0,6.1,-3.9,-11.8,-20.0,13.5,137.2,11,10.0
1938.0833333333333,8.3,-6.6,-14.0,-25.6,22.1,236.2,11,8.0
1938.1666666666667,6.7,-1.4,-10.0,-21.7,15.7,188.0,8,5.0
1938.25,24.4,8.2,-1.5,-15.0,53.6,157.5,10,2.0
1938.3333333333333,26.7,13.4,2.2,-8.3,83.1,0.0,10,0.0
1938.4166666666667,29.4,18.5,8.9,1.7,177.0,0.0,20,0.0
1938.5,34.4,25.7,14.2,7.2,75.2,0.0,10,0.0
1938.5833333333333,35.0,28.5,17.6,13.3,85.3,0.0,11,0.0
1938.6666666666667,35.0,29.4,17.1,10.6,87.6,0.0,10,0.0
1938.75,31.7,22.4,11.2,4.4,82.3,0.0,8,0.0
1938.8333333333333,30.0,19.4,6.6,-3.3,21.3,48.3,5,2.0
1938.9166666666667,21.7,4.0,-4.6,-18.3,32.8,12.7,6,2.0
1939.0,7.2,-2.4,-10.6,-26.7,19.6,231.1,9,12.0
1939.0833333333333,7.2,-2.5,-11.2,-23.3,26.9,188.0,11,10.0
1939.1666666666667,6.1,-6.4,-18.9,-31.7,22.4,279.4,8,10.0
1939.25,25.6,4.1,-7.0,-18.3,15.5,152.4,8,5.0
1939.3333333333333,28.3,11.2,0.4,-9.4,55.6,99.1,11,5.0
1939.4166666666667,35.0,24.4,10.9,1.7,90.2,0.0,8,0.0
1939.5,33.3,25.9,14.8,7.2,125.7,0.0,14,0.0
1939.5833333333333,35.0,29.5,17.8,13.3,69.8,0.0,7,0.0
1939.6666666666667,34.4,27.8,15.8,11.1,92.7,0.0,12,0.0
1939.75,36.7,24.1,11.6,-3.3,58.7,0.0,7,0.0
1939.8333333333333,25.0,13.7,3.5,-5.0,39.6,15.2,13,1.0
1939.9166666666667,17.8,9.1,-2.8,-7.8,0.5,0.0,2,0.0
1940.0,17.2,2.6,-7.4,-20.0,24.6,121.9,5,3.0
1940.0833333333333,1.7,-9.9,-18.5,-30.0,9.4,127.0,10,11.0
1940.1666666666667,2.2,-2.8,-11.2,-27.2,23.1,231.1,9,9.0
1940.25,10.6,-0.2,-8.5,-20.6,54.9,650.2,9,7.0
1940.3333333333333,25.0,11.7,1.3,-11.1,30.7,0.0,9,0.0
1940.4166666666667,30.6,19.3,7.3,-1.1,41.7,0.0,14,0.0
1940.5,33.9,25.4,14.6,9.4,180.3,0.0,14,0.0
1940.5833333333333,39.4,30.6,18.1,11.1,62.5,0.0,11,0.0
1940.6666666666667,32.8,24.9,15.9,9.4,115.3,0.0,17,0.0
1940.75,32.8,24.7,12.4,2.2,10.4,0.0,5,0.0
1940.8333333333333,25.0,17.7,6.7,0.6,39.9,0.0,10,0.0
1940.9166666666667,16.7,1.4,-6.1,-21.1,130.8,668.0,12,8.0
1941.0,6.7,-1.6,-9.5,-28.3,25.9,269.2,9,8.0
1941.0833333333333,5.0,-3.7,-12.5,-22.2,18.8,83.8,8,9.0
1941.1666666666667,5.0,-4.4,-14.8,-28.9,22.6,139.7,7,5.0
1941.25,16.1,2.2,-6.5,-22.2,19.6,172.7,10,7.0
1941.3333333333333,26.7,17.1,6.1,-1.1,47.5,0.0,10,0.0
1941.4166666666667,31.7,23.4,11.3,3.9,73.9,0.0,13,0.0
1941.5,33.9,25.7,15.5,7.2,83.6,0.0,12,0.0
1941.5833333333333,40.0,29.6,17.8,8.9,50.3,0.0,9,0.0
1941.6666666666667,37.2,28.5,16.5,8.3,93.0,0.0,11,0.0
1941.75,31.1,22.9,11.8,2.2,88.1,0.0,14,0.0
1941.8333333333333,22.8,15.4,5.6,-5.6,140.2,0.0,16,0.0
1941.9166666666667,20.0,7.1,-2.1,-13.9,26.7,96.5,5,2.0
1942.0,13.3,0.9,-7.3,-19.4,21.6,218.4,10,7.0
1942.0833333333333,11.7,-1.5,-11.3,-28.9,3.8,43.2,2,2.0
1942.1666666666667,5.6,-2.5,-10.0,-26.1,11.4,132.1,8,7.0
1942.25,16.7,6.0,-1.8,-7.2,44.2,116.8,13,6.0
1942.3333333333333,27.2,17.7,4.7,-3.9,86.6,0.0,6,0.0
1942.4166666666667,29.4,18.4,8.4,2.2,172.2,0.0,15,0.0
1942.5,32.2,24.4,14.2,7.8,68.3,0.0,10,0.0
1942.5833333333333,35.6,27.4,16.4,9.4,96.5,0.0,10,0.0
1942.6666666666667,33.3,26.7,16.1,6.7,53.6,0.0,10,0.0
1942.75,32.2,19.0,9.0,-3.3,191.3,43.2,9,1.0
1942.8333333333333,25.6,15.9,4.5,-7.8,19.8,7.6,6,2.0
1942.9166666666667,17.8,5.8,-4.0,-16.1,6.9,22.9,2,2.0
1943.0,2.8,-5.2,-13.2,-22.2,21.6,177.8,8,10.0
1943.0833333333333,2.8,-8.5,-18.4,-35.0,23.1,256.5,13,13.0
1943.1666666666667,7.2,-2.3,-14.0,-27.8,14.5,116.8,6,6.0
1943.25,24.4,0.2,-9.5,-23.9,20.6,248.9,7,6.0
1943.3333333333333,25.0,12.7,1.1,-6.7,24.9,0.0,5,0.0
1943.4166666666667,31.1,18.8,7.5,-0.6,108.5,0.0,15,0.0
1943.5,35.6,26.5,16.1,6.7,107.4,0.0,13,0.0
1943.5833333333333,33.9,29.2,18.2,13.9,96.0,0.0,13,0.0
1943.6666666666667,34.4,27.4,16.9,8.3,44.4,0.0,15,0.0
1943.75,30.0,20.1,9.0,1.1,62.7,0.0,12,0.0
1943.8333333333333,26.1,15.5,3.9,-3.3,33.0,0.0,5,0.0
1943.9166666666667,8.9,2.0,-4.8,-16.1,41.7,261.6,5,4.0
1944.0,6.7,0.0,-9.5,-23.3,0.0,0.0,0,0.0
1944.0833333333333,14.4,1.4,-7.5,-21.1,6.1,25.4,3,1.0
1944.1666666666667,7.2,-1.2,-11.5,-25.6,27.9,106.7,7,6.0
1944.25,8.9,0.2,-7.0,-18.9,30.5,281.9,13,12.0
1944.3333333333333,21.1,11.0,1.1,-8.9,56.9,7.6,10,1.0
1944.4166666666667,31.7,22.3,11.5,-1.1,156.2,0.0,12,0.0
1944.5,35.6,26.5,15.5,6.7,169.9,0.0,15,0.0
1944.5833333333333,31.7,27.1,16.6,11.7,111.5,0.0,10,0.0
1944.6666666666667,34.4,27.5,16.5,10.6,92.7,0.0,10,0.0
1944.75,31.1,21.7,11.3,5.0,24.6,0.0,7,0.0
1944.8333333333333,24.4,16.8,4.5,-2.8,6.6,0.0,4,0.0
1944.9166666666667,23.9,5.9,0.4,-12.8,53.3,63.5,14,5.0
1945.0,2.8,-2.8,-11.3,-23.3,2.3,27.9,4,4.0
1945.0833333333333,2.2,-6.5,-15.0,-26.1,16.0,208.3,8,8.0
1945.1666666666667,7.8,-2.5,-13.4,-23.9,46.7,391.2,10,10.0
1945.25,21.7,10.0,-1.3,-18.9,49.5,17.8,11,2.0
1945.3333333333333,23.9,11.7,1.5,-3.9,74.9,152.4,12,2.0
1945.4166666666667,27.2,16.7,5.6,-2.2,78.5,0.0,8,0.0
1945.5,31.7,21.3,11.3,1.1,141.5,0.0,17,0.0
1945.5833333333333,35.6,27.0,15.6,9.4,104.9,0.0,12,0.0
1945.6666666666667,34.4,27.3,16.0,10.0,57.7,0.0,7,0.0
1945.75,34.4,21.3,9.9,-2.8,54.1,0.0,12,0.0
1945.8333333333333,27.8,15.1,3.4,-4.4,7.6,0.0,4,0.0
1945.9166666666667,16.7,3.8,-4.0,-11.1,23.4,114.3,10,6.0
1946.0,8.9,-6.6,-14.1,-26.1,35.8,370.8,10,10.0
1946.0833333333333,3.9,-4.5,-14.4,-28.9,23.9,109.2,7,5.0
1946.1666666666667,7.8,-2.9,-14.0,-26.7,29.2,302.3,11,9.0
1946.25,25.6,10.7,0.9,-10.0,30.5,38.1,11,1.0
1946.3333333333333,28.3,16.7,4.5,-3.3,16.8,2.5,6,1.0
1946.4166666666667,30.0,18.9,7.0,-2.8,77.2,76.2,9,2.0
1946.5,33.9,25.2,13.8,1.7,198.1,0.0,13,0.0
1946.5833333333333,33.9,28.7,17.5,12.8,70.1,0.0,9,0.0
1946.6666666666667,35.0,26.7,14.2,7.2,10.9,0.0,5,0.0
1946.75,29.4,21.0,10.1,1.1,167.1,0.0,10,0.0
1946.8333333333333,25.6,16.3,5.1,-1.7,63.8,0.0,14,0.0
1946.9166666666667,15.6,5.3,-4.1,-16.7,31.0,104.1,10,5.0
1947.0,11.1,-2.1,-10.6,-30.0,17.3,149.9,8,9.0
1947.0833333333333,9.4,-0.8,-10.8,-23.9,18.0,193.0,6,6.0
1947.1666666666667,7.8,-4.9,-14.2,-23.3,5.1,48.3,7,6.0
1947.25,14.4,2.2,-5.7,-11.1,11.9,83.8,8,6.0
1947.3333333333333,27.2,10.0,1.2,-3.3,62.0,50.8,15,3.0
1947.4166666666667,27.2,17.6,6.3,0.6,65.0,5.1,10,1.0
1947.5,32.8,23.6,12.7,5.6,134.6,0.0,12,0.0
1947.5833333333333,36.7,28.7,16.6,9.4,24.4,0.0,8,0.0
1947.6666666666667,38.9,31.6,19.7,11.1,61.2,0.0,10,0.0
1947.75,35.0,23.1,11.5,0.0,37.6,0.0,13,0.0
1947.8333333333333,31.1,20.7,9.6,3.9,27.9,0.0,6,0.0
1947.9166666666667,16.1,0.7,-6.8,-22.8,72.4,553.7,18,14.0
1948.0,2.8,-3.3,-12.1,-22.2,15.2,170.2,11,10.0
1948.0833333333333,3.3,-6.5,-17.9,-29.4,3.8,88.9,6,6.0
1948.1666666666667,8.9,-3.8,-14.4,-28.9,34.8,294.6,8,7.0
1948.25,21.1,2.8,-8.0,-32.8,36.3,132.1,8,2.0
1948.3333333333333,25.6,15.9,4.1,-5.6,45.0,7.6,9,1.0
1948.4166666666667,32.8,20.6,8.8,1.1,18.8,0.0,7,0.0
1948.5,32.2,25.0,14.2,10.0,65.5,0.0,14,0.0
1948.5833333333333,38.3,30.3,17.7,10.6,34.0,0.0,6,0.0
1948.6666666666667,36.7,28.5,16.6,9.4,85.6,0.0,10,0.0
1948.75,34.4,26.6,13.2,6.1,26.4,0.0,4,0.0
1948.8333333333333,23.9,16.8,4.6,-5.6,15.2,0.0,5,0.0
1948.9166666666667,21.1,5.1,-1.7,-8.9,48.0,63.5,11,4.0
1949.0,13.3,-2.0,-11.4,-23.9,17.0,58.4,8,7.0
1949.0833333333333,7.2,-5.5,-14.4,-27.8,41.9,317.5,11,12.0
1949.1666666666667,8.3,-4.3,-16.4,-27.8,3.6,86.4,8,6.0
1949.25,13.3,2.8,-5.6,-17.2,85.6,210.8,10,4.0
1949.3333333333333,26.7,14.6,2.2,-5.6,48.0,236.2,6,2.0
1949.4166666666667,33.9,22.6,10.7,3.3,22.9,0.0,10,0.0
1949.5,37.2,28.4,16.3,7.8,69.6,0.0,9,0.0
1949.5833333333333,37.8,30.6,18.7,13.3,152.7,0.0,12,0.0
1949.6666666666667,36.1,29.5,17.4,8.3,67.1,0.0,7,0.0
1949.75,28.9,20.3,9.1,1.1,67.8,0.0,6,0.0
1949.8333333333333,26.7,17.1,6.1,-6.7,43.7,0.0,9,0.0
1949.9166666666667,19.4,6.9,-1.1,-7.8,10.7,68.6,7,4.0
1950.0,12.2,-1.7,-11.2,-20.0,25.1,165.1,10,7.0
1950.0833333333333,3.9,-8.3,-19.7,-31.1,32.3,431.8,13,13.0
1950.1666666666667,5.0,-3.0,-14.4,-27.8,17.3,200.7,7,6.0
1950.25,7.8,-0.2,-8.7,-25.0,55.9,281.9,15,10.0
1950.3333333333333,20.6,6.7,-1.3,-8.3,55.6,162.6,10,6.0
1950.4166666666667,30.6,18.8,7.9,-1.1,72.9,0.0,13,0.0
1950.5,34.4,26.1,13.7,5.0,32.0,0.0,11,0.0
1950.5833333333333,32.2,27.2,15.6,10.6,95.0,0.0,13,0.0
1950.6666666666667,35.6,25.7,14.0,4.4,46.7,0.0,5,0.0
1950.75,30.0,22.8,11.2,2.2,37.1,0.0,6,0.0
1950.8333333333333,30.6,18.0,6.0,-2.2,31.0,0.0,7,0.0
1950.9166666666667,15.6,2.0,-6.7,-20.6,22.6,142.2,8,6.0
1951.0,4.4,-6.5,-15.3,-28.9,50.5,635.0,17,17.0
1951.0833333333333,4.4,-7.5,-17.8,-33.9,11.2,180.3,8,8.0
1951.1666666666667,6.7,-3.3,-12.8,-33.3,43.4,218.4,6,3.0
1951.25,7.8,-1.5,-10.7,-23.3,76.2,1016.0,16,15.0
1951.3333333333333,26.1,9.9,1.6,-4.4,47.2,66.0,11,1.0
1951.4166666666667,27.2,22.1,11.0,3.3,105.2,0.0,12,0.0
1951.5,30.6,23.3,13.0,5.6,139.7,0.0,14,0.0
1951.5833333333333,32.8,27.5,16.7,10.6,138.2,0.0,12,0.0
1951.6666666666667,32.2,24.7,15.4,10.6,49.3,0.0,8,0.0
1951.75,30.0,18.9,8.7,0.0,147.3,0.0,13,0.0
1951.8333333333333,28.3,14.1,4.6,-7.8,36.6,20.3,8,1.0
1951.9166666666667,15.0,0.9,-8.1,-21.1,53.8,274.3,7,6.0
1952.0,13.9,-4.8,-12.6,-26.7,30.7,419.1,15,13.0
1952.0833333333333,5.6,-5.7,-16.1,-30.0,26.7,251.5,6,7.0
1952.1666666666667,5.6,-0.5,-8.8,-23.3,30.5,381.0,5,5.0
1952.25,10.0,0.7,-7.3,-20.0,78.5,645.2,16,13.0
1952.3333333333333,33.3,15.8,4.3,-5.0,15.0,15.2,4,1.0
1952.4166666666667,32.8,20.2,9.4,2.8,72.6,0.0,10,0.0
1952.5,32.8,26.1,15.6,7.2,101.1,0.0,11,0.0
1952.5833333333333,33.9,28.7,17.0,9.4,115.8,0.0,11,0.0
1952.6666666666667,32.8,26.1,15.1,10.6,106.2,0.0,13,0.0
1952.75,33.3,23.5,11.1,3.9,10.7,0.0,6,0.0
1952.8333333333333,23.9,13.0,0.7,-5.6,0.3,0.0,1,0.0
1952.9166666666667,16.7,6.6,-2.9,-20.6,32.5,256.5,5,3.0
1953.0,5.6,-1.5,-8.2,-15.6,11.4,152.4,6,6.0
1953.0833333333333,4.4,-4.3,-12.7,-26.1,14.0,152.4,8,8.0
1953.1666666666667,3.3,-2.8,-12.9,-23.9,31.2,340.4,7,7.0
1953.25,14.4,4.1,-5.0,-15.6,38.4,170.2,11,6.0
1953.3333333333333,20.0,9.3,0.6,-7.2,51.8,17.8,13,3.0
1953.4166666666667,31.7,20.6,8.9,-1.7,48.8,0.0,11,0.0
1953.5,36.7,27.2,16.0,7.8,180.3,0.0,11,0.0
1953.5833333333333,33.3,27.9,17.1,11.1,173.0,0.0,13,0.0
1953.6666666666667,33.9,28.3,17.6,13.9,69.8,0.0,11,0.0
1953.75,35.0,23.2,10.3,2.8,14.0,0.0,7,0.0
1953.8333333333333,31.7,20.5,7.7,-1.1,3.8,0.0,3,0.0
1953.9166666666667,21.7,9.1,-1.0,-7.8,39.1,48.3,6,3.0
1954.0,7.2,-0.6,-10.6,-25.6,44.7,149.9,12,9.0
1954.0833333333333,2.2,-6.8,-17.3,-31.7,6.3,91.4,8,8.0
1954.1666666666667,13.3,4.4,-4.7,-18.9,8.1,25.4,4,4.0
1954.25,11.7,2.2,-6.7,-17.2,53.3,271.8,11,9.0
1954.3333333333333,29.4,14.0,2.1,-12.8,89.7,5.1,11,1.0
1954.4166666666667,28.3,16.8,6.6,-3.3,64.5,61.0,7,2.0
1954.5,33.3,27.2,16.3,6.7,119.6,0.0,14,0.0
1954.5833333333333,35.0,29.1,18.0,12.8,33.8,0.0,9,0.0
1954.6666666666667,32.2,27.0,15.6,11.1,78.2,0.0,8,0.0
1954.75,31.1,20.5,11.2,2.2,92.7,0.0,14,0.0
1954.8333333333333,22.2,13.0,4.5,-6.1,31.2,10.2,11,1.0
1954.9166666666667,18.9,7.5,-0.6,-6.7,15.5,162.6,7,6.0
1955.0,3.3,-1.5,-8.0,-14.4,8.4,101.6,8,7.0
1955.0833333333333,2.8,-6.0,-14.0,-29.4,11.9,198.1,10,11.0
1955.1666666666667,2.8,-4.5,-15.1,-26.7,39.1,279.4,8,8.0
1955.25,19.4,2.0,-9.1,-23.9,13.2,109.2,10,9.0
1955.3333333333333,26.7,18.3,6.0,-1.7,23.4,0.0,5,0.0
1955.4166666666667,32.2,23.9,10.8,0.6,17.5,0.0,6,0.0
1955.5,35.6,25.5,14.7,8.9,38.9,0.0,12,0.0
1955.5833333333333,37.8,31.4,19.7,15.6,180.3,0.0,11,0.0
1955.6666666666667,36.7,30.1,18.9,11.7,72.1,0.0,11,0.0
1955.75,34.4,23.3,11.1,2.8,25.1,0.0,9,0.0
1955.8333333333333,28.3,16.3,5.3,-1.7,56.1,63.5,10,2.0
1955.9166666666667,10.6,0.4,-7.5,-18.9,26.4,152.4,10,10.0
1956.0,3.3,-6.2,-15.8,-29.4,32.0,370.8,13,13.0
1956.0833333333333,2.8,-6.0,-15.4,-27.8,12.2,116.8,7,10.0
1956.1666666666667,3.9,-4.1,-14.8,-21.7,5.1,61.0,5,5.0
1956.25,13.3,0.9,-7.7,-22.2,41.1,355.6,12,11.0
1956.3333333333333,20.0,11.1,-0.2,-4.4,17.0,27.9,7,2.0
1956.4166666666667,29.4,20.2,8.8,0.6,49.8,0.0,12,0.0
1956.5,37.8,29.0,16.9,6.7,167.1,0.0,14,0.0
1956.5833333333333,32.2,26.2,16.1,12.8,131.6,0.0,14,0.0
1956.6666666666667,32.2,27.4,16.1,7.2,132.6,0.0,10,0.0
1956.75,30.6,21.1,8.5,1.1,20.1,0.0,6,0.0
1956.8333333333333,28.9,19.9,7.4,0.0,49.5,0.0,5,0.0
1956.9166666666667,17.2,5.2,-2.9,-15.0,34.3,172.7,11,4.0
1957.0,8.9,0.1,-9.2,-17.8,5.1,53.3,6,5.0
1957.0833333333333,3.9,-6.8,-17.6,-25.0,8.1,124.5,8,8.0
1957.1666666666667,4.4,-1.5,-11.3,-21.7,21.1,221.0,10,10.0
1957.25,13.9,3.7,-5.5,-18.3,33.3,177.8,11,8.0
1957.3333333333333,30.6,13.9,2.6,-7.8,31.2,243.8,5,3.0
1957.4166666666667,31.1,19.4,8.3,0.6,79.5,0.0,11,0.0
1957.5,32.2,25.0,14.2,7.8,104.6,0.0,12,0.0
1957.5833333333333,36.1,30.1,19.3,15.6,160.3,0.0,12,0.0
1957.6666666666667,33.9,26.7,16.5,12.2,146.0,0.0,11,0.0
1957.75,32.2,20.6,9.8,3.3,41.9,0.0,9,0.0
1957.8333333333333,26.1,14.1,4.4,-3.9,35.6,0.0,7,0.0
1957.9166666666667,13.9,3.5,-2.7,-14.4,39.6,261.6,10,4.0
1958.0,7.8,0.2,-7.7,-20.0,6.1,55.9,5,5.0
1958.0833333333333,7.2,-1.6,-9.0,-19.4,5.3,61.0,5,5.0
1958.1666666666667,15.0,-4.4,-13.9,-26.1,6.1,30.5,6,4.0
1958.25,15.6,4.9,-3.6,-7.8,8.1,88.9,6,7.0
1958.3333333333333,28.9,14.8,2.8,-5.6,50.5,40.6,9,1.0
1958.4166666666667,31.1,22.5,9.5,1.1,35.3,0.0,9,0.0
1958.5,35.0,23.0,11.7,6.1,51.1,0.0,14,0.0
1958.5833333333333,31.7,26.6,15.9,10.6,80.0,0.0,8,0.0
1958.6666666666667,33.9,27.4,16.3,7.8,77.0,0.0,9,0.0
1958.75,30.0,22.7,11.4,2.2,27.7,0.0,5,0.0
1958.8333333333333,28.3,17.5,6.0,0.6,39.4,0.0,7,0.0
1958.9166666666667,18.9,7.1,-3.0,-20.6,25.7,83.8,8,5.0
1959.0,7.2,-4.3,-13.6,-25.0,5.3,61.0,8,8.0
1959.0833333333333,6.1,-7.0,-16.9,-26.7,2.8,35.6,4,4.0
1959.1666666666667,6.7,-3.0,-13.5,-23.9,15.5,160.0,7,7.0
1959.25,20.0,6.1,-4.0,-13.9,15.0,144.8,11,10.0
1959.3333333333333,23.9,14.1,2.6,-2.2,16.3,0.0,6,0.0
1959.4166666666667,32.8,21.5,10.3,1.7,127.8,0.0,17,0.0
1959.5,34.4,26.9,16.2,8.9,103.4,0.0,10,0.0
1959.5833333333333,35.6,29.7,17.5,10.0,66.0,0.0,5,0.0
1959.6666666666667,35.6,29.2,18.8,13.9,167.6,0.0,16,0.0
1959.75,34.4,22.7,11.8,4.4,58.2,0.0,9,0.0
1959.8333333333333,21.1,11.0,2.7,-3.3,61.7,94.0,15,4.0
1959.9166666666667,10.0,0.4,-7.8,-18.9,16.0,175.3,8,9.0
1960.0,11.7,2.7,-4.8,-11.1,32.5,88.9,8,5.0
1960.0833333333333,2.8,-3.9,-12.3,-28.3,17.3,241.3,10,10.0
1960.1666666666667,5.6,-3.4,-12.4,-21.7,5.6,68.6,5,5.0
1960.25,15.0,-1.3,-12.3,-26.7,20.6,139.7,9,7.0
1960.3333333333333,29.4,13.7,1.7,-6.7,51.8,0.0,9,0.0
1960.4166666666667,28.9,19.7,8.0,-2.2,81.0,0.0,14,0.0
1960.5,29.4,23.8,11.5,5.0,78.2,0.0,9,0.0
1960.5833333333333,35.0,28.4,15.6,9.4,49.0,0.0,10,0.0
1960.6666666666667,34.4,28.1,16.4,8.3,101.3,0.0,11,0.0
1960.75,35.0,21.8,11.3,2.2,96.3,0.0,10,0.0
1960.8333333333333,27.2,15.9,2.6,-8.3,7.9,0.0,3,0.0
1960.9166666666667,16.1,5.9,-4.4,-16.1,22.1,61.0,7,3.0
1961.0,10.6,-3.3,-13.6,-24.4,14.0,43.2,3,5.0
1961.0833333333333,7.8,-5.3,-17.0,-29.4,7.1,116.8,4,4.0
1961.1666666666667,10.6,0.3,-10.9,-22.8,22.6,221.0,5,5.0
1961.25,16.1,4.7,-4.7,-15.6,71.4,383.5,11,8.0
1961.3333333333333,19.4,9.0,-1.7,-9.4,60.7,195.6,11,5.0
1961.4166666666667,32.2,19.3,5.8,-4.4,88.4,0.0,9,0.0
1961.5,36.7,26.7,13.4,5.6,47.5,0.0,8,0.0
1961.5833333333333,32.8,27.3,15.8,10.0,74.7,0.0,10,0.0
1961.6666666666667,33.9,27.8,15.8,7.2,60.5,0.0,5,0.0
1961.75,33.9,20.4,9.6,-2.8,76.5,2.5,12,1.0
1961.8333333333333,29.4,17.3,5.2,-1.7,77.0,0.0,6,0.0
1961.9166666666667,18.3,5.5,-3.9,-11.1,26.9,63.5,6,3.0
1962.0,10.0,-4.0,-14.6,-27.8,40.6,459.7,14,13.0
1962.0833333333333,4.4,-8.7,-19.0,-33.3,14.0,149.9,10,10.0
1962.1666666666667,4.4,-6.9,-15.7,-32.2,52.6,673.1,14,13.0
1962.25,8.3,0.1,-8.4,-35.6,47.5,553.7,9,9.0
1962.3333333333333,32.8,12.1,-0.9,-16.7,33.3,162.6,11,3.0
1962.4166666666667,30.0,20.8,10.9,1.1,204.0,0.0,15,0.0
1962.5,35.0,24.9,13.1,6.1,37.6,0.0,7,0.0
1962.5833333333333,32.2,24.9,14.5,7.2,130.0,0.0,14,0.0
1962.6666666666667,32.8,26.7,13.7,5.6,88.1,0.0,12,0.0
1962.75,27.8,19.8,7.3,-2.2,62.5,0.0,11,0.0
1962.8333333333333,28.3,16.1,4.1,-8.9,42.9,0.0,8,0.0
1962.9166666666667,14.4,6.2,-2.9,-15.6,13.2,142.2,5,1.0
1963.0,16.7,-2.5,-12.1,-28.9,6.6,81.3,4,4.0
1963.0833333333333,5.6,-11.0,-21.3,-35.6,11.7,127.0,10,11.0
1963.1666666666667,6.1,-5.3,-16.9,-28.3,10.4,137.2,10,9.0
1963.25,25.0,6.7,-4.3,-22.8,30.0,248.9,10,6.0
1963.3333333333333,25.0,15.2,1.7,-5.0,52.6,139.7,12,2.0
1963.4166666666667,33.3,18.9,7.1,-2.2,128.5,0.0,14,0.0
1963.5,37.2,27.2,14.7,7.2,48.5,0.0,13,0.0
1963.5833333333333,33.9,29.3,16.8,11.7,38.9,0.0,8,0.0
1963.6666666666667,34.4,26.9,14.1,7.8,39.4,0.0,8,0.0
1963.75,29.4,22.8,10.7,1.1,88.1,0.0,10,0.0
1963.8333333333333,30.0,21.3,7.7,-3.9,20.6,0.0,4,0.0
1963.9166666666667,16.1,9.1,-2.1,-11.1,13.2,0.0,4,0.0
1964.0,6.1,-7.9,-16.6,-28.9,15.2,193.0,7,9.0
1964.0833333333333,5.6,-1.6,-11.8,-24.4,11.9,127.0,5,5.0
1964.1666666666667,12.2,1.1,-10.1,-17.2,1.5,25.4,3,4.0
1964.25,11.1,1.5,-8.4,-17.2,34.3,246.4,8,6.0
1964.3333333333333,31.1,14.2,2.1,-7.2,75.7,142.2,12,5.0
1964.4166666666667,33.9,22.8,9.9,4.4,87.4,0.0,12,0.0
1964.5,34.4,26.8,13.9,5.0,55.4,0.0,13,0.0
1964.5833333333333,36.1,30.8,18.0,11.7,51.3,0.0,9,0.0
1964.6666666666667,36.7,26.2,14.4,6.1,137.7,0.0,10,0.0
1964.75,32.2,20.6,9.3,1.7,132.3,0.0,9,0.0
1964.8333333333333,25.0,15.1,2.9,-3.9,14.5,0.0,6,0.0
1964.9166666666667,20.6,6.6,-3.3,-27.2,30.2,109.2,10,4.0
1965.0,3.9,-5.1,-14.0,-25.0,27.4,205.7,12,10.0
1965.0833333333333,5.0,-7.3,-17.2,-30.6,11.9,266.7,7,10.0
1965.1666666666667,6.1,-5.3,-17.2,-33.3,40.4,297.2,5,4.0
1965.25,3.3,-2.8,-11.2,-22.8,120.6,942.3,13,12.0
1965.3333333333333,24.4,9.8,1.1,-3.3,89.4,50.8,16,3.0
1965.4166666666667,29.4,20.5,9.1,0.6,199.6,0.0,18,0.0
1965.5,31.1,24.6,13.7,8.9,101.9,0.0,10,0.0
1965.5833333333333,35.0,27.1,15.6,10.0,119.1,0.0,10,0.0
1965.6666666666667,35.0,26.0,14.6,6.1,102.6,0.0,11,0.0
1965.75,28.9,15.8,7.3,-2.8,124.5,0.0,15,0.0
1965.8333333333333,27.2,16.6,4.1,-5.0,22.9,0.0,6,0.0
1965.9166666666667,20.0,5.5,-4.3,-13.3,50.3,40.6,7,3.0
1966.0,8.3,1.3,-5.8,-18.9,31.2,30.5,9,4.0
1966.0833333333333,2.8,-10.9,-21.0,-33.3,24.1,302.3,7,10.0
1966.1666666666667,11.1,-3.7,-13.8,-26.1,39.4,172.7,9,8.0
1966.25,21.7,7.3,-3.1,-14.4,63.0,360.7,9,4.0
1966.3333333333333,20.0,10.4,1.0,-5.6,22.6,10.2,9,2.0
1966.4166666666667,32.2,18.7,5.3,-2.8,37.1,0.0,11,0.0
1966.5,34.4,26.5,13.9,7.8,89.2,0.0,10,0.0
1966.5833333333333,37.2,31.0,18.7,12.2,62.7,0.0,7,0.0
1966.6666666666667,33.9,26.0,14.2,9.4,111.8,0.0,8,0.0
1966.75,30.6,21.8,9.6,0.6,42.9,0.0,8,0.0
1966.8333333333333,28.9,15.0,2.2,-5.0,89.7,5.1,5,1.0
1966.9166666666667,13.9,3.3,-5.4,-20.0,9.9,86.4,6,4.0
1967.0,5.6,-3.8,-11.7,-22.8,25.9,322.6,11,10.0
1967.0833333333333,5.0,-4.1,-15.3,-35.0,92.2,896.6,16,17.0
1967.1666666666667,3.9,-6.6,-19.3,-30.6,40.4,602.0,10,13.0
1967.25,26.7,3.1,-5.6,-23.3,24.4,66.0,5,2.0
1967.3333333333333,20.6,12.0,2.1,-5.0,103.4,5.1,11,2.0
1967.4166666666667,29.4,17.6,4.9,-7.8,15.5,7.6,7,1.0
1967.5,30.6,24.4,14.4,8.9,191.3,0.0,19,0.0
1967.5833333333333,32.8,26.3,14.5,7.2,34.5,0.0,5,0.0
1967.6666666666667,31.7,25.2,12.8,3.9,70.9,0.0,7,0.0
1967.75,27.8,22.7,8.7,-2.2,16.0,0.0,7,0.0
1967.8333333333333,29.4,13.6,2.2,-7.8,43.9,7.6,8,2.0
1967.9166666666667,15.0,3.6,-5.1,-15.0,2.3,20.3,4,4.0
1968.0,10.6,-1.2,-10.2,-30.0,11.4,61.0,9,5.0
1968.0833333333333,5.0,-4.9,-14.8,-29.4,18.0,269.2,9,9.0
1968.1666666666667,5.6,-4.5,-14.2,-23.9,3.3,55.9,5,5.0
1968.25,28.3,10.0,-2.5,-12.8,48.0,20.3,6,4.0
1968.3333333333333,30.0,15.5,2.8,-7.8,74.7,10.2,12,2.0
1968.4166666666667,27.2,17.1,6.7,-1.7,95.0,0.0,17,0.0
1968.5,35.6,25.0,14.1,5.6,172.2,0.0,13,0.0
1968.5833333333333,32.2,27.2,16.3,10.0,164.1,0.0,8,0.0
1968.6666666666667,35.6,27.1,15.8,6.7,19.0,0.0,8,0.0
1968.75,29.4,21.7,10.5,3.9,156.5,0.0,9,0.0
1968.8333333333333,29.4,15.3,5.5,-2.8,142.7,0.0,12,0.0
1968.9166666666667,16.1,4.8,-2.5,-8.9,13.7,124.5,9,7.0
1969.0,11.7,-4.3,-12.4,-28.3,56.1,729.0,14,17.0
1969.0833333333333,1.7,-7.8,-17.3,-29.4,52.1,548.6,17,14.0
1969.1666666666667,3.3,-2.7,-11.4,-28.9,7.9,134.6,7,8.0
1969.25,8.3,0.4,-9.2,-20.6,22.9,185.4,8,6.0
1969.3333333333333,22.8,15.4,3.8,-2.8,39.4,7.6,9,2.0
1969.4166666666667,35.0,22.1,9.6,-0.6,50.3,0.0,12,0.0
1969.5,31.7,21.6,11.5,2.8,74.4,0.0,17,0.0
1969.5833333333333,35.0,28.5,17.7,7.8,74.9,0.0,11,0.0
1969.6666666666667,35.6,30.3,16.8,12.2,25.1,0.0,3,0.0
1969.75,30.6,23.4,11.0,2.8,12.4,0.0,6,0.0
1969.8333333333333,30.6,12.7,3.4,-5.6,64.3,61.0,12,2.0
1969.9166666666667,20.0,5.0,-3.2,-16.7,14.0,96.5,8,6.0
1970.0,7.2,-2.5,-10.5,-17.8,52.3,843.3,17,18.0
1970.0833333333333,2.8,-9.7,-19.7,-36.7,11.9,248.9,12,12.0
1970.1666666666667,4.4,-3.4,-15.1,-29.4,4.1,109.2,5,8.0
1970.25,6.7,0.9,-7.6,-13.3,52.1,218.4,7,5.0
1970.3333333333333,32.2,13.2,2.4,-9.4,90.2,33.0,11,2.0
1970.4166666666667,32.2,20.0,9.3,0.6,121.2,0.0,17,0.0
1970.5,36.1,27.4,16.1,9.4,32.3,0.0,8,0.0
1970.5833333333333,35.0,30.1,17.8,10.6,93.0,0.0,12,0.0
1970.6666666666667,34.4,28.1,16.3,10.0,55.6,0.0,7,0.0
1970.75,31.7,21.7,10.7,2.2,81.0,0.0,14,0.0
1970.8333333333333,29.4,14.5,5.0,-1.1,126.2,0.0,14,0.0
1970.9166666666667,11.7,4.2,-3.4,-16.1,97.0,160.0,12,4.0
1971.0,11.1,-3.1,-12.3,-25.0,10.9,139.7,10,9.0
1971.0833333333333,1.7,-9.6,-18.7,-27.8,31.0,505.5,13,15.0
1971.1666666666667,5.6,-3.9,-12.8,-30.6,44.2,353.1,10,11.0
1971.25,19.4,1.8,-6.2,-16.1,30.7,177.8,11,8.0
1971.3333333333333,26.1,14.9,1.7,-8.3,28.2,48.3,11,2.0
1971.4166666666667,28.9,19.5,6.5,0.0,79.8,5.1,8,1.0
1971.5,35.6,27.4,16.5,10.0,89.4,0.0,11,0.0
1971.5833333333333,32.2,26.6,14.3,8.3,100.1,0.0,8,0.0
1971.6666666666667,36.1,27.5,14.1,6.7,45.2,0.0,5,0.0
1971.75,34.4,23.0,11.3,1.1,69.3,0.0,10,0.0
1971.8333333333333,24.4,15.7,5.8,-1.7,144.3,0.0,13,0.0
1971.9166666666667,13.9,4.0,-3.2,-13.3,67.8,340.4,10,7.0
1972.0,1.7,-3.5,-11.6,-23.3,17.8,325.1,10,10.0
1972.0833333333333,2.8,-9.4,-20.0,-33.9,21.3,309.9,10,12.0
1972.1666666666667,2.8,-6.8,-17.1,-31.1,12.4,193.0,6,9.0
1972.25,11.7,1.4,-7.6,-23.9,31.8,264.2,9,7.0
1972.3333333333333,25.0,10.5,0.5,-7.8,42.9,203.2,14,5.0
1972.4166666666667,32.2,22.3,10.2,1.1,55.4,0.0,11,0.0
1972.5,33.3,25.7,12.1,5.0,84.1,0.0,9,0.0
1972.5833333333333,32.8,25.5,15.0,6.1,130.0,0.0,16,0.0
1972.6666666666667,36.1,26.2,15.8,7.2,63.0,0.0,10,0.0
1972.75,28.3,20.1,8.7,-2.2,49.8,0.0,11,0.0
1972.8333333333333,22.8,11.4,1.6,-9.4,45.0,0.0,8,0.0
1972.9166666666667,14.4,3.0,-2.7,-10.6,28.2,27.9,6,2.0
1973.0,4.4,-7.5,-15.6,-28.9,39.9,388.6,12,10.0
1973.0833333333333,7.8,-3.4,-13.0,-28.9,23.4,294.6,2,3.0
1973.1666666666667,6.1,-1.7,-9.9,-24.4,21.3,287.0,5,7.0
1973.25,17.8,8.4,0.7,-6.7,28.4,10.2,12,1.0
1973.3333333333333,23.9,12.0,1.7,-5.0,58.9,50.8,12,3.0
1973.4166666666667,28.3,18.5,7.2,0.0,63.0,0.0,16,0.0
1973.5,36.7,27.2,14.5,8.3,26.9,0.0,8,0.0
1973.5833333333333,35.0,28.8,17.6,11.7,73.7,0.0,8,0.0
1973.6666666666667,33.9,28.0,18.0,12.8,77.5,0.0,11,0.0
1973.75,29.4,20.4,10.7,1.7,52.8,0.0,10,0.0
1973.8333333333333,24.4,17.4,6.8,-1.1,32.8,0.0,7,0.0
1973.9166666666667,17.2,5.6,-3.1,-10.0,50.0,2.5,6,1.0
1974.0,4.4,-4.9,-12.1,-31.1,27.9,454.7,13,14.0
1974.0833333333333,5.0,-6.3,-16.0,-34.4,4.3,63.5,4,5.0
1974.1666666666667,4.4,-3.2,-13.7,-28.9,26.9,398.8,11,12.0
1974.25,12.2,3.2,-5.9,-21.7,25.4,195.6,11,8.0
1974.3333333333333,28.3,14.1,2.6,-5.6,61.5,185.4,11,3.0
1974.4166666666667,28.9,17.9,7.0,-2.8,52.8,0.0,11,0.0
1974.5,31.1,24.6,12.6,5.0,132.3,0.0,9,0.0
1974.5833333333333,38.3,31.0,18.6,11.7,29.0,0.0,9,0.0
1974.6666666666667,32.2,25.4,13.9,4.4,69.8,0.0,8,0.0
1974.75,29.4,19.6,6.3,-3.3,14.7,0.0,6,0.0
1974.8333333333333,28.3,15.9,3.8,-5.6,42.9,0.0,8,0.0
1974.9166666666667,16.7,4.6,-2.8,-10.0,16.8,30.5,6,2.0
1975.0,6.7,-0.6,-7.9,-17.2,8.9,154.9,7,8.0
1975.0833333333333,1.7,-4.8,-14.7,-25.6,71.6,696.0,19,19.0
1975.1666666666667,2.2,-4.9,-13.4,-30.0,20.1,228.6,8,10.0
1975.25,5.6,-1.3,-9.7,-22.2,42.4,464.8,12,12.0
1975.3333333333333,15.6,7.5,0.1,-12.8,137.2,55.9,12,2.0
1975.4166666666667,32.8,22.1,10.0,0.6,96.8,0.0,10,0.0
1975.5,32.2,25.4,15.5,6.1,202.9,0.0,15,0.0
1975.5833333333333,36.7,30.5,18.7,9.4,14.7,0.0,6,0.0
1975.6666666666667,32.8,27.3,16.8,10.0,125.0,0.0,14,0.0
1975.75,29.4,19.9,8.6,1.7,33.3,0.0,12,0.0
1975.8333333333333,30.6,18.2,4.9,-3.9,6.9,0.0,3,0.0
1975.9166666666667,23.3,8.3,-2.2,-13.9,121.9,411.5,10,6.0
1976.0,7.2,-2.2,-9.7,-25.0,20.1,142.2,4,4.0
1976.0833333333333,5.0,-5.7,-17.0,-27.8,22.1,325.1,9,10.0
1976.1666666666667,14.4,2.5,-7.3,-23.9,15.0,129.5,6,4.0
1976.25,18.3,5.1,-5.7,-19.4,71.9,345.4,14,9.0
1976.3333333333333,28.3,17.7,4.3,-3.3,20.3,0.0,8,0.0
1976.4166666666667,29.4,21.6,8.2,0.0,28.7,30.5,7,1.0
1976.5,35.0,28.7,15.4,8.3,98.0,0.0,11,0.0
1976.5833333333333,37.8,31.2,17.8,11.1,62.2,0.0,8,0.0
1976.6666666666667,36.7,29.6,16.2,8.9,35.3,0.0,6,0.0
1976.75,36.7,23.5,9.6,1.1,36.1,0.0,6,0.0
1976.8333333333333,30.0,12.9,1.1,-8.9,12.4,58.4,6,4.0
1976.9166666666667,16.1,3.0,-7.2,-21.1,4.1,35.6,6,6.0
1977.0,6.7,-4.7,-15.8,-30.6,13.0,210.8,10,11.0
1977.0833333333333,0.6,-12.0,-23.2,-35.6,16.5,340.4,10,10.0
1977.1666666666667,10.6,-0.3,-10.1,-23.9,23.6,45.7,6,5.0
1977.25,20.0,7.6,-1.5,-13.3,67.6,370.8,16,4.0
1977.3333333333333,31.1,17.9,5.4,-6.7,46.7,45.7,14,2.0
1977.4166666666667,31.7,25.9,12.9,4.4,72.6,0.0,11,0.0
1977.5,33.3,25.7,14.7,9.4,90.7,0.0,14,0.0
1977.5833333333333,37.8,29.4,18.2,12.2,94.5,0.0,11,0.0
1977.6666666666667,31.7,24.8,13.1,5.0,236.5,0.0,13,0.0
1977.75,29.4,20.6,11.1,5.0,112.5,0.0,16,0.0
1977.8333333333333,22.2,14.0,2.8,-2.2,59.4,76.2,9,2.0
1977.9166666666667,16.1,3.9,-5.1,-26.7,36.1,297.2,14,10.0
1978.0,5.0,-6.2,-13.4,-27.8,29.2,360.7,11,8.0
1978.0833333333333,-0.6,-9.8,-19.7,-27.8,9.7,172.7,11,12.0
1978.1666666666667,2.8,-6.3,-16.4,-26.1,6.1,116.8,8,9.0
1978.25,21.7,4.0,-6.3,-23.9,20.1,215.9,4,4.0
1978.3333333333333,22.2,12.3,2.4,-2.2,92.2,48.3,17,3.0
1978.4166666666667,35.6,22.7,10.4,-1.7,96.3,0.0,8,0.0
1978.5,33.9,25.7,14.1,3.9,180.1,0.0,16,0.0
1978.5833333333333,33.3,26.9,16.6,10.0,81.0,0.0,11,0.0
1978.6666666666667,35.6,28.4,16.2,8.9,146.6,0.0,11,0.0
1978.75,35.6,25.7,13.5,3.9,62.7,0.0,8,0.0
1978.8333333333333,25.6,15.6,4.2,-3.3,4.8,0.0,5,0.0
1978.9166666666667,23.3,5.0,-4.4,-17.2,46.7,419.1,9,9.0
1979.0,3.3,-4.7,-14.0,-26.1,22.4,383.5,8,9.0
1979.0833333333333,-3.3,-11.5,-20.6,-33.3,27.7,360.7,12,13.0
1979.1666666666667,3.3,-7.1,-17.4,-32.8,35.3,342.9,10,10.0
1979.25,7.2,2.0,-5.5,-19.4,64.8,213.4,12,6.0
1979.3333333333333,25.6,11.8,1.5,-12.2,16.8,17.8,10,2.0
1979.4166666666667,32.8,19.3,6.8,-0.6,115.6,0.0,12,0.0
1979.5,35.0,25.5,13.6,5.0,121.4,0.0,14,0.0
1979.5833333333333,33.3,28.6,17.6,11.7,59.4,0.0,7,0.0
1979.6666666666667,35.6,25.8,16.2,8.9,178.8,0.0,11,0.0
1979.75,33.3,23.5,11.4,5.0,55.9,0.0,4,0.0
1979.8333333333333,22.8,13.4,2.8,-2.2,80.3,0.0,10,0.0
1979.9166666666667,18.3,3.9,-4.2,-12.8,24.9,195.6,11,9.0
1980.0,12.2,1.2,-7.9,-21.7,8.4,43.2,3,3.0
1980.0833333333333,8.9,-4.7,-13.9,-26.1,23.9,327.7,11,11.0
1980.1666666666667,3.3,-4.8,-13.9,-22.8,17.0,223.5,8,11.0
1980.25,13.3,2.4,-7.7,-19.4,28.4,348.0,11,10.0
1980.3333333333333,35.0,16.1,3.0,-4.4,21.1,215.9,5,3.0
1980.4166666666667,33.9,23.2,9.5,-0.6,58.2,0.0,8,0.0
1980.5,33.3,25.9,13.6,7.2,140.2,0.0,7,0.0
1980.5833333333333,37.8,30.6,17.3,10.6,58.4,0.0,9,0.0
1980.6666666666667,33.3,26.8,16.1,12.2,82.8,0.0,18,0.0
1980.75,33.9,20.6,9.9,-0.6,93.5,0.0,10,0.0
1980.8333333333333,28.9,12.3,2.2,-7.2,16.8,0.0,5,0.0
1980.9166666666667,17.2,7.5,-2.4,-10.0,6.6,22.9,6,2.0
1981.0,9.4,-2.6,-11.0,-24.4,6.1,71.1,8,6.0
1981.0833333333333,13.9,-2.0,-13.6,-25.0,7.6,116.8,7,7.0
1981.1666666666667,15.6,0.0,-9.7,-28.9,54.4,279.4,11,11.0
1981.25,23.9,9.2,-2.9,-10.6,18.0,2.5,6,1.0
1981.3333333333333,25.6,15.3,3.6,-2.8,55.1,43.2,14,1.0
1981.4166666666667,28.3,19.9,7.9,-1.1,55.4,0.0,7,0.0
1981.5,31.7,25.1,13.8,9.4,112.3,0.0,13,0.0
1981.5833333333333,32.8,26.9,16.3,10.0,103.9,0.0,9,0.0
1981.6666666666667,30.6,25.4,16.0,9.4,120.1,0.0,14,0.0
1981.75,31.7,21.6,9.5,0.6,37.1,0.0,9,0.0
1981.8333333333333,18.9,13.2,3.0,-6.7,68.3,22.9,11,1.0
1981.9166666666667,18.9,8.3,-1.6,-14.4,54.9,355.6,7,6.0
1982.0,3.9,-3.8,-12.3,-23.9,23.4,269.2,12,13.0
1982.0833333333333,3.9,-11.4,-21.6,-32.2,62.2,1178.6,11,12.0
1982.1666666666667,9.4,-4.3,-13.7,-30.0,10.9,188.0,4,4.0
1982.25,15.0,2.1,-5.4,-19.4,53.1,276.9,11,6.0
1982.3333333333333,24.4,12.4,0.7,-10.6,41.1,121.9,13,5.0
1982.4166666666667,31.1,22.2,11.6,4.4,126.7,0.0,14,0.0
1982.5,32.8,23.9,11.3,5.0,36.6,0.0,8,0.0
1982.5833333333333,37.8,30.3,18.1,12.2,23.4,0.0,5,0.0
1982.6666666666667,36.7,28.0,16.2,8.9,96.5,0.0,9,0.0
1982.75,30.0,20.9,11.2,2.2,38.1,0.0,11,0.0
1982.8333333333333,24.4,14.9,5.4,-2.8,87.6,35.6,16,2.0
1982.9166666666667,15.6,3.9,-4.4,-15.0,83.1,91.4,13,7.0
1983.0,17.2,0.7,-7.7,-18.9,108.5,490.2,7,5.0
1983.0833333333333,3.3,-2.8,-11.0,-21.7,17.0,81.3,7,5.0
1983.1666666666667,7.8,0.1,-5.8,-22.2,30.2,274.3,9,8.0
1983.25,16.1,4.7,-2.3,-9.4,81.8,363.2,15,8.0
1983.3333333333333,22.2,10.5,0.9,-6.1,100.8,553.7,13,6.0
1983.4166666666667,25.6,18.2,6.9,1.1,157.5,0.0,13,0.0
1983.5,32.8,25.6,14.4,5.6,132.6,0.0,13,0.0
1983.5833333333333,35.6,30.6,19.6,12.2,78.0,0.0,10,0.0
1983.6666666666667,36.1,30.6,19.1,13.9,79.2,0.0,9,0.0
1983.75,33.9,22.0,12.0,-1.1,84.8,0.0,15,0.0
1983.8333333333333,25.6,13.6,4.6,-2.8,66.3,0.0,7,0.0
1983.9166666666667,16.1,3.9,-1.7,-11.1,125.2,772.2,14,8.0
1984.0,-1.1,-11.6,-19.9,-33.9,38.9,533.4,10,11.0
1984.0833333333333,6.1,-6.6,-15.7,-31.7,22.4,274.3,9,10.0
1984.1666666666667,7.8,1.0,-6.1,-23.9,41.7,236.2,10,7.0
1984.25,10.0,0.4,-8.5,-22.2,37.3,439.4,10,8.0
1984.3333333333333,26.1,13.9,2.9,-2.8,98.0,248.9,10,3.0
1984.4166666666667,30.6,19.0,7.6,0.6,58.2,0.0,10,0.0
1984.5,32.2,26.0,15.9,10.6,201.9,0.0,13,0.0
1984.5833333333333,34.4,28.1,16.6,8.9,77.0,0.0,10,0.0
1984.6666666666667,33.3,28.2,17.9,10.0,130.8,0.0,9,0.0
1984.75,32.8,19.5,8.4,-2.2,67.3,0.0,12,0.0
1984.8333333333333,22.8,14.8,6.0,-4.4,139.2,7.6,15,1.0
1984.9166666666667,15.0,5.3,-3.9,-11.1,7.9,50.8,3,1.0
1985.0,8.3,-3.2,-12.4,-22.8,56.9,414.0,14,11.0
1985.0833333333333,3.9,-6.5,-17.8,-31.7,22.1,332.7,12,12.0
1985.1666666666667,12.2,-3.9,-13.4,-28.3,12.7,106.7,8,6.0
1985.25,19.4,6.6,-2.6,-13.9,113.8,934.7,12,8.0
1985.3333333333333,31.7,17.3,5.0,-6.1,46.0,0.0,9,0.0
1985.4166666666667,30.6,22.7,10.9,4.4,92.7,0.0,14,0.0
1985.5,38.9,23.4,12.0,3.9,55.4,0.0,10,0.0
1985.5833333333333,36.1,29.6,17.0,12.2,55.9,0.0,8,0.0
1985.6666666666667,32.2,24.7,14.9,10.6,127.5,0.0,11,0.0
1985.75,33.9,20.3,10.7,0.6,111.0,10.2,15,1.0
1985.8333333333333,21.1,14.1,3.2,-1.7,93.0,0.0,8,0.0
1985.9166666666667,13.9,0.1,-8.2,-24.4,43.7,607.1,13,12.0
1986.0,3.9,-8.2,-18.8,-27.2,30.5,342.9,10,8.0
1986.0833333333333,6.7,-4.0,-12.1,-27.8,22.9,261.6,8,6.0
1986.1666666666667,2.2,-5.2,-13.0,-25.0,21.3,312.4,11,12.0
1986.25,28.3,6.0,-3.9,-20.6,51.6,221.0,8,4.0
1986.3333333333333,23.9,15.1,4.5,-2.8,149.4,10.2,15,1.0
1986.4166666666667,32.2,20.9,9.6,2.2,88.4,0.0,10,0.0
1986.5,33.9,26.1,14.6,7.2,135.6,0.0,12,0.0
1986.5833333333333,33.3,28.1,18.4,14.4,104.4,0.0,9,0.0
1986.6666666666667,32.2,25.0,14.0,6.7,112.8,0.0,15,0.0
1986.75,29.4,19.9,11.0,5.0,175.3,0.0,11,0.0
1986.8333333333333,22.8,14.7,4.5,0.0,45.0,0.0,8,0.0
1986.9166666666667,14.4,2.8,-7.1,-18.3,15.7,111.8,6,5.0
1987.0,4.4,-0.4,-7.7,-21.1,7.9,106.7,6,7.0
1987.0833333333333,8.9,-1.6,-10.3,-25.6,16.0,139.7,6,6.0
1987.1666666666667,11.7,5.0,-5.5,-10.6,3.3,30.5,2,2.0
1987.25,22.8,8.7,-1.3,-10.0,16.3,53.3,6,3.0
1987.3333333333333,30.6,19.4,4.5,-7.8,4.1,0.0,3,0.0
1987.4166666666667,33.9,23.7,11.3,3.9,47.8,0.0,11,0.0
1987.5,37.2,29.2,16.1,6.1,49.5,0.0,8,0.0
1987.5833333333333,34.4,29.9,19.0,10.6,454.7,0.0,16,0.0
1987.6666666666667,35.6,25.1,15.9,8.3,93.2,0.0,9,0.0
1987.75,31.1,22.7,11.1,6.1,32.5,0.0,9,0.0
1987.8333333333333,26.1,12.3,1.7,-5.0,15.2,7.6,7,1.0
1987.9166666666667,17.2,7.6,-1.1,-8.9,52.6,114.3,10,3.0
1988.0,7.2,-0.5,-7.3,-21.1,31.8,190.5,11,10.0
1988.0833333333333,3.9,-6.8,-17.2,-27.8,34.8,495.3,10,9.0
1988.1666666666667,8.3,-5.2,-14.9,-26.7,7.6,114.3,4,4.0
1988.25,15.0,5.8,-3.9,-11.1,33.8,94.0,10,6.0
1988.3333333333333,25.0,15.1,2.0,-3.9,40.1,61.0,6,2.0
1988.4166666666667,33.3,25.7,11.4,2.8,43.2,0.0,6,0.0
1988.5,38.3,30.5,16.6,8.3,5.6,0.0,3,0.0
1988.5833333333333,40.6,32.3,18.9,12.8,29.7,0.0,5,0.0
1988.6666666666667,38.3,29.3,17.3,7.8,109.0,0.0,12,0.0
1988.75,31.7,22.8,11.0,5.6,70.9,0.0,11,0.0
1988.8333333333333,24.4,12.5,0.8,-8.9,20.3,5.1,7,1.0
1988.9166666666667,12.8,4.3,-3.5,-15.0,72.6,401.3,10,8.0
1989.0,7.2,-1.3,-11.4,-22.2,17.0,182.9,8,8.0
1989.0833333333333,8.9,-0.7,-11.3,-25.6,13.2,152.4,5,4.0
1989.1666666666667,3.3,-7.7,-18.3,-31.1,26.4,439.4,9,10.0
1989.25,21.7,1.1,-7.1,-19.4,55.6,576.6,13,7.0
1989.3333333333333,22.8,13.2,1.6,-7.8,67.6,20.3,14,3.0
1989.4166666666667,28.3,20.5,7.8,-3.9,85.9,2.5,11,1.0
1989.5,33.3,26.3,14.1,5.0,88.9,0.0,8,0.0
1989.5833333333333,36.1,30.3,19.0,13.9,88.9,0.0,5,0.0
1989.6666666666667,34.4,27.0,16.1,9.4,74.2,0.0,9,0.0
1989.75,29.4,22.4,9.7,1.1,32.5,0.0,6,0.0
1989.8333333333333,29.4,16.7,3.2,-5.0,13.5,0.0,5,0.0
1989.9166666666667,13.3,2.7,-7.2,-17.8,35.1,287.0,14,10.0
1990.0,7.2,-7.5,-16.3,-30.0,10.7,177.8,12,12.0
1990.0833333333333,9.4,1.9,-8.3,-16.1,2.5,27.9,2,3.0
1990.1666666666667,15.0,0.9,-10.1,-21.7,19.6,271.8,4,4.0
1990.25,20.6,7.1,-3.0,-11.7,93.0,81.3,9,3.0
1990.3333333333333,30.0,14.4,2.0,-8.3,96.5,55.9,12,2.0
1990.4166666666667,32.2,19.2,7.7,-2.2,85.3,0.0,13,0.0
1990.5,32.8,26.4,15.2,3.3,249.4,0.0,13,0.0
1990.5833333333333,37.8,27.1,16.5,10.0,128.5,0.0,12,0.0
1990.6666666666667,31.7,26.7,16.2,11.1,43.4,0.0,6,0.0
1990.75,32.2,23.8,12.2,2.2,47.8,0.0,7,0.0
1990.8333333333333,27.8,15.4,2.5,-3.3,31.2,0.0,8,0.0
1990.9166666666667,21.7,8.3,-2.3,-13.3,16.5,127.0,6,3.0
1991.0,10.6,-3.4,-13.4,-31.1,25.7,297.2,12,14.0
1991.0833333333333,3.9,-6.1,-15.6,-25.6,12.4,165.1,11,12.0
1991.1666666666667,10.0,1.4,-9.9,-23.3,26.2,360.7,8,8.0
1991.25,23.3,6.3,-3.7,-15.6,58.2,111.8,12,8.0
1991.3333333333333,30.0,15.4,3.5,-5.6,90.9,38.1,14,2.0
1991.4166666666667,32.2,21.2,12.1,1.7,161.3,7.6,19,1.0
1991.5,35.0,28.3,17.1,11.1,65.3,0.0,12,0.0
1991.5833333333333,34.4,27.3,17.5,11.7,74.9,0.0,13,0.0
1991.6666666666667,33.3,27.2,16.3,10.0,79.8,0.0,11,0.0
1991.75,29.4,20.2,9.8,-1.7,137.9,0.0,13,0.0
1991.8333333333333,26.1,14.1,2.7,-5.6,64.0,208.3,8,1.0
1991.9166666666667,9.4,-0.4,-7.9,-21.1,134.4,1191.3,13,9.0
1992.0,6.7,-1.4,-10.6,-23.9,26.7,170.2,11,8.0
1992.0833333333333,4.4,-1.5,-9.8,-25.6,16.8,127.0,7,7.0
1992.1666666666667,7.2,1.1,-5.5,-16.7,14.5,149.9,7,8.0
1992.25,15.0,5.0,-3.8,-12.2,39.6,274.3,12,7.0
1992.3333333333333,27.8,11.2,1.7,-8.3,50.5,15.2,10,1.0
1992.4166666666667,30.6,22.4,9.2,1.1,29.2,0.0,6,0.0
1992.5,33.3,24.6,12.7,3.9,93.5,0.0,8,0.0
1992.5833333333333,31.1,23.7,13.8,10.0,132.3,0.0,9,0.0
1992.6666666666667,32.8,24.3,13.4,7.2,115.3,0.0,9,0.0
1992.75,28.3,21.0,9.6,0.6,132.1,0.0,12,0.0
1992.8333333333333,28.9,13.9,3.2,-5.6,53.6,33.0,8,3.0
1992.9166666666667,8.9,2.2,-2.9,-8.9,49.5,309.9,11,10.0
1993.0,5.6,-1.9,-10.1,-24.4,26.7,233.7,14,11.0
1993.0833333333333,7.2,-4.7,-14.7,-26.7,31.8,304.8,11,9.0
1993.1666666666667,5.6,-4.2,-12.3,-24.4,9.9,134.6,7,7.0
1993.25,16.7,3.7,-6.5,-19.4,31.8,175.3,8,8.0
1993.3333333333333,22.2,12.5,1.1,-7.8,50.5,12.7,14,2.0
1993.4166666666667,26.7,19.1,9.0,2.8,102.1,0.0,12,0.0
1993.5,30.6,23.1,13.0,3.9,159.5,0.0,13,0.0
1993.5833333333333,29.4,25.6,17.0,11.7,141.7,0.0,15,0.0
1993.6666666666667,31.7,26.5,16.2,9.4,165.1,0.0,12,0.0
1993.75,28.9,17.9,7.6,2.2,51.8,0.0,10,0.0
1993.8333333333333,27.2,13.7,2.4,-3.3,20.1,0.0,4,0.0
1993.9166666666667,11.1,3.1,-4.7,-16.1,39.9,195.6,10,7.0
1994.0,6.7,-1.8,-9.2,-26.1,14.0,114.3,11,10.0
1994.0833333333333,2.8,-10.6,-20.2,-32.8,29.7,617.2,11,13.0
1994.1666666666667,9.4,-5.2,-15.7,-26.7,19.8,304.8,9,9.0
1994.25,18.3,6.6,-3.7,-11.7,8.1,43.2,6,5.0
1994.3333333333333,28.9,13.6,1.8,-7.8,95.8,139.7,10,3.0
1994.4166666666667,32.8,22.8,9.1,-1.1,56.1,0.0,10,0.0
1994.5,35.0,27.0,15.1,7.2,78.5,0.0,13,0.0
1994.5833333333333,31.1,26.7,15.6,11.7,104.6,0.0,14,0.0
1994.6666666666667,33.9,25.2,14.1,8.3,73.7,0.0,7,0.0
1994.75,30.0,23.0,12.9,6.1,120.4,0.0,13,0.0
1994.8333333333333,22.8,15.5,6.9,-2.2,118.1,0.0,10,0.0
1994.9166666666667,16.1,7.8,-1.2,-12.8,35.3,157.5,7,2.0
1995.0,7.2,-0.1,-8.3,-19.4,13.5,165.1,5,6.0
1995.0833333333333,7.8,-3.7,-11.4,-23.9,9.1,106.7,9,8.0
1995.1666666666667,7.2,-2.1,-12.1,-23.9,6.3,53.3,7,6.0
1995.25,18.9,6.5,-3.2,-20.0,53.6,264.2,14,6.0
1995.3333333333333,18.3,10.9,0.5,-15.0,48.3,5.1,14,2.0
1995.4166666666667,27.8,19.7,7.9,2.2,61.7,0.0,6,0.0
1995.5,35.0,27.5,16.1,5.6,85.9,0.0,11,0.0
1995.5833333333333,38.3,28.7,17.0,7.8,69.1,0.0,13,0.0
1995.6666666666667,33.3,28.7,18.7,12.8,116.6,0.0,15,0.0
1995.75,30.6,21.6,9.6,0.0,56.1,0.0,11,0.0
1995.8333333333333,29.4,13.7,4.8,-4.4,93.5,17.8,14,3.0
1995.9166666666667,7.8,1.3,-6.4,-16.7,22.4,167.6,8,7.0
1996.0,6.1,-3.2,-11.1,-23.3,29.2,408.9,10,9.0
1996.0833333333333,6.7,-6.9,-17.4,-30.6,47.5,368.3,10,9.0
1996.1666666666667,10.0,-3.3,-12.3,-35.6,6.1,30.5,9,6.0
1996.25,14.4,1.4,-8.9,-23.3,35.3,358.1,8,9.0
1996.3333333333333,21.7,11.4,-1.0,-6.1,19.3,58.4,8,3.0
1996.4166666666667,30.6,18.0,8.2,0.0,60.2,0.0,11,0.0
1996.5,35.6,25.6,13.8,3.9,120.9,0.0,11,0.0
1996.5833333333333,32.2,27.1,15.2,9.4,53.1,0.0,13,0.0
1996.6666666666667,34.4,27.7,15.1,10.6,36.3,0.0,7,0.0
1996.75,31.1,22.2,11.3,0.6,33.0,0.0,8,0.0
1996.8333333333333,26.7,15.2,3.4,-8.9,76.5,0.0,8,0.0
1996.9166666666667,13.9,0.5,-7.9,-23.9,129.0,426.7,12,8.0
1997.0,1.7,-5.9,-14.4,-32.8,44.4,602.0,16,16.0
1997.0833333333333,4.4,-7.3,-16.8,-27.8,43.4,360.7,17,14.0
1997.1666666666667,5.6,-2.4,-11.1,-21.1,7.6,101.6,6,7.0
1997.25,18.9,3.3,-6.3,-20.0,30.0,363.2,7,5.0
1997.3333333333333,22.2,12.6,-0.4,-12.8,25.7,15.2,11,2.0
1997.4166666666667,28.3,18.1,5.6,-2.2,43.2,0.0,13,0.0
1997.5,34.4,27.6,14.6,7.8,94.0,0.0,11,0.0
1997.5833333333333,33.9,26.3,17.0,9.4,320.0,0.0,18,0.0
1997.6666666666667,32.8,25.4,15.4,8.9,152.7,0.0,12,0.0
1997.75,30.0,22.3,11.4,3.3,81.0,0.0,8,0.0
1997.8333333333333,32.2,16.0,4.2,-10.6,51.6,0.0,8,0.0
1997.9166666666667,8.3,1.3,-5.7,-20.0,17.5,218.4,9,8.0
1998.0,8.3,0.9,-6.6,-20.6,7.9,83.8,10,8.0
1998.0833333333333,7.2,-3.3,-11.1,-30.6,41.7,518.2,16,16.0
1998.1666666666667,12.2,3.4,-3.4,-14.4,20.3,27.9,6,2.0
1998.25,22.2,4.3,-4.4,-17.2,115.8,294.6,16,10.0
1998.3333333333333,25.0,16.4,4.3,-2.2,39.6,0.0,8,0.0
1998.4166666666667,33.3,24.2,10.6,4.4,111.8,0.0,12,0.0
1998.5,30.0,23.6,12.9,1.7,165.6,0.0,14,0.0
1998.5833333333333,34.4,28.2,16.9,11.7,66.8,0.0,13,0.0
1998.6666666666667,31.7,27.2,16.8,11.1,152.1,0.0,13,0.0
1998.75,33.9,25.7,12.7,3.3,33.5,0.0,6,0.0
1998.8333333333333,22.2,15.6,5.6,-2.2,55.6,0.0,10,0.0
1998.9166666666667,17.8,7.3,-1.6,-7.2,33.5,2.5,4,1.0
1999.0,20.0,1.4,-9.7,-22.8,11.7,78.7,5,4.0
1999.0833333333333,3.3,-6.6,-15.2,-30.0,67.8,840.7,19,16.0
1999.1666666666667,8.3,1.7,-6.2,-15.6,10.2,106.7,4,3.0
1999.25,22.8,6.7,-4.6,-15.0,47.2,406.4,4,2.0
1999.3333333333333,24.4,14.6,4.2,-1.1,87.1,0.0,15,0.0
1999.4166666666667,29.4,20.9,10.4,2.2,166.6,0.0,16,0.0
1999.5,32.8,24.8,14.3,6.1,93.5,0.0,12,0.0
1999.5833333333333,37.2,30.3,18.8,10.0,115.6,0.0,11,0.0
1999.6666666666667,32.8,26.2,16.1,11.7,67.1,0.0,8,0.0
1999.75,32.8,22.0,10.3,2.8,69.3,0.0,11,0.0
1999.8333333333333,25.6,15.7,3.8,-3.3,23.4,0.0,6,0.0
1999.9166666666667,25.0,10.5,0.4,-6.1,19.6,17.8,5,1.0
2000.0,11.7,0.8,-8.0,-22.2,8.4,185.4,3,3.0
2000.0833333333333,3.3,-4.2,-13.7,-25.0,22.9,462.3,9,9.0
2000.1666666666667,16.1,2.3,-6.9,-16.7,27.4,195.6,9,5.0
2000.25,22.8,10.3,-0.2,-9.4,28.4,25.4,8,2.0
2000.3333333333333,25.6,13.6,2.7,-4.4,28.4,33.0,11,3.0
2000.4166666666667,31.7,21.3,10.8,2.2,115.8,0.0,12,0.0
2000.5,34.4,24.3,13.6,4.4,115.8,0.0,14,0.0
2000.5833333333333,33.9,27.2,17.7,11.1,154.9,0.0,10,0.0
2000.6666666666667,32.8,27.2,17.4,11.1,81.0,0.0,8,0.0
2000.75,31.7,22.3,10.5,-0.6,54.6,0.0,4,0.0
2000.8333333333333,28.9,16.8,6.8,-1.7,27.7,0.0,9,0.0
2000.9166666666667,18.9,2.6,-3.5,-17.2,85.9,,14,
2001.0,1.7,-9.8,-17.3,-27.2,31.2,,16,
2001.0833333333333,3.9,-2.2,-11.1,-21.7,30.7,,7,
2001.1666666666667,1.7,-6.2,-16.3,-25.0,33.8,,10,
2001.25,8.9,1.8,-6.9,-12.8,27.7,,5,
2001.3333333333333,28.9,14.3,3.9,-4.4,177.8,,17,
2001.4166666666667,34.4,20.2,10.5,2.2,115.1,,14,
2001.5,36.1,25.7,15.5,8.3,161.3,,13,
2001.5833333333333,36.7,29.8,19.0,11.7,53.8,,8,
2001.6666666666667,37.2,28.7,18.2,12.8,58.7,,8,
2001.75,30.0,21.0,11.2,2.2,88.9,,8,
2001.8333333333333,30.0,14.0,4.4,-1.7,32.5,,10,
2001.9166666666667,21.7,12.7,3.2,-3.9,70.4,,10,
2002.0,17.2,1.4,-6.3,-17.2,18.8,,6,
2002.0833333333333,9.4,-0.3,-7.9,-18.9,11.7,,6,
2002.1666666666667,10.6,2.3,-6.4,-17.2,10.4,,7,
2002.25,11.7,0.2,-8.1,-19.4,35.1,,8,
2002.3333333333333,32.8,12.7,2.5,-8.3,80.0,,12,
2002.4166666666667,32.8,17.9,7.2,-0.6,71.9,,11,
2002.5,36.1,26.8,16.6,7.8,210.8,,16,
2002.5833333333333,35.0,29.7,20.3,14.4,131.8,,11,
2002.6666666666667,31.7,26.3,17.0,10.0,210.8,,10,
2002.75,33.3,23.7,13.5,3.9,99.1,,12,
2002.8333333333333,23.9,9.2,1.6,-4.4,106.2,,13,
2002.9166666666667,18.9,4.7,-3.6,-9.4,2.3,,3,
2003.0,8.9,0.9,-7.3,-16.1,5.6,,6,
2003.0833333333333,12.2,-5.0,-13.5,-24.4,5.6,,7,
2003.1666666666667,7.8,-4.0,-14.1,-25.6,13.7,,5,
2003.25,22.2,4.7,-5.5,-23.3,36.6,,10,
2003.3333333333333,31.7,14.3,3.8,-6.1,61.0,,8,
2003.4166666666667,27.8,19.6,8.9,5.0,156.0,,11,
2003.5,31.7,25.4,14.7,9.4,118.4,,9,
2003.5833333333333,33.3,28.1,18.3,13.3,52.1,,11,
2003.6666666666667,36.1,29.6,18.5,11.7,28.4,,4,
2003.75,33.3,22.5,11.4,1.7,55.9,,6,
2003.8333333333333,29.4,15.7,5.4,-2.2,15.7,,6,
2003.9166666666667,15.0,3.6,-3.6,-12.8,18.0,,7,
2004.0,6.1,-0.5,-7.3,-20.0,15.7,,8,
2004.0833333333333,2.2,-7.5,-15.6,-31.1,5.8,,4,
2004.1666666666667,8.9,-1.9,-9.7,-23.9,27.7,,12,
2004.25,18.9,6.8,-2.3,-15.0,53.6,,12,
2004.3333333333333,32.8,16.5,3.4,-3.9,52.3,,6,
2004.4166666666667,31.1,18.9,8.5,2.8,162.3,,17,
2004.5,35.0,23.6,13.5,7.8,77.7,,8,
2004.5833333333333,35.0,27.3,17.3,11.7,85.3,0.0,8,0.0
2004.6666666666667,30.0,24.3,13.9,6.7,30.2,0.0,10,0.0
2004.75,31.1,25.0,14.4,5.0,106.9,0.0,8,0.0
2004.8333333333333,25.6,14.5,5.6,-1.7,58.9,0.0,11,0.0
2004.9166666666667,19.4,7.3,-0.9,-6.7,23.6,12.7,6,1.0
2005.0,10.6,-1.0,-9.5,-23.3,11.2,45.7,9,5.0
2005.0833333333333,6.7,-5.1,-13.2,-25.6,30.7,218.4,11,10.0
2005.1666666666667,11.7,1.1,-7.3,-16.1,24.4,203.2,8,8.0
2005.25,21.7,4.9,-5.2,-14.4,34.8,167.6,5,4.0
2005.3333333333333,27.2,16.5,5.7,-1.7,58.4,0.0,8,0.0
2005.4166666666667,26.1,18.2,8.9,-1.7,70.6,0.0,15,0.0
2005.5,35.6,28.1,17.9,13.3,107.7,0.0,13,0.0
2005.5833333333333,36.1,30.3,19.4,12.2,74.7,0.0,5,0.0
2005.6666666666667,35.6,27.2,16.9,11.7,132.6,0.0,9,0.0
2005.75,32.2,24.3,13.8,3.9,112.8,0.0,13,0.0
2005.8333333333333,29.4,16.4,6.2,-0.6,138.4,0.0,7,0.0
2005.9166666666667,21.7,6.9,-1.9,-13.3,38.9,129.5,10,4.0
2006.0,6.1,-4.0,-9.9,-22.2,24.6,368.3,10,12.0
2006.0833333333333,8.9,1.3,-5.2,-15.0,18.0,58.4,12,5.0
2006.1666666666667,6.1,-1.9,-11.4,-25.0,8.1,53.3,5,4.0
2006.25,13.3,5.0,-3.2,-12.2,51.1,518.2,11,6.0
2006.3333333333333,28.9,17.4,6.5,-1.7,151.6,0.0,8,0.0
2006.4166666666667,36.1,21.8,11.5,3.9,42.2,0.0,9,0.0
2006.5,32.8,27.2,16.1,9.4,71.4,0.0,10,0.0
2006.5833333333333,38.3,32.1,20.8,15.0,32.8,0.0,7,0.0
2006.6666666666667,31.1,27.0,17.5,14.4,175.3,0.0,10,0.0
2006.75,28.3,19.9,10.8,3.3,62.0,0.0,13,0.0
2006.8333333333333,28.9,12.8,2.7,-4.4,10.4,0.0,5,0.0
2006.9166666666667,22.2,7.3,-2.0,-13.9,23.4,5.1,7,2.0
2007.0,10.0,2.1,-5.3,-18.3,54.1,109.2,9,3.0
2007.0833333333333,5.0,-3.0,-10.7,-21.1,7.9,139.7,5,6.0
2007.1666666666667,8.3,-6.4,-14.2,-27.2,34.8,320.0,7,8.0
2007.25,27.2,8.3,-1.2,-15.6,92.5,279.4,9,2.0
2007.3333333333333,29.4,14.2,2.7,-9.4,28.2,48.3,10,3.0
2007.4166666666667,33.3,23.9,11.8,5.0,50.5,0.0,14,0.0
2007.5,33.9,28.2,17.1,10.6,52.1,0.0,10,0.0
2007.5833333333333,36.7,29.8,19.0,13.3,83.6,0.0,6,0.0
2007.6666666666667,34.4,26.8,17.8,12.2,236.7,0.0,10,0.0
2007.75,33.3,23.7,12.7,2.2,153.4,0.0,10,0.0
2007.8333333333333,30.6,16.7,8.0,-0.6,92.2,0.0,12,0.0
2007.9166666666667,17.2,5.6,-2.8,-15.6,2.3,10.2,3,2.0
2008.0,2.2,-4.8,-12.4,-20.0,37.6,459.7,8,9.0
2008.0833333333333,6.1,-6.0,-14.9,-26.1,3.8,50.8,4,5.0
2008.1666666666667,3.3,-4.9,-13.7,-25.6,10.2,121.9,9,11.0
2008.25,11.1,2.3,-6.5,-21.1,50.0,457.2,12,10.0
2008.3333333333333,25.0,11.6,1.7,-4.4,79.2,40.6,12,4.0
2008.4166666666667,28.9,19.2,7.8,2.8,64.3,0.0,12,0.0
2008.5,32.2,25.5,15.3,11.1,68.6,0.0,12,0.0
2008.5833333333333,34.4,29.6,18.7,12.8,54.1,0.0,8,0.0
2008.6666666666667,31.7,28.2,16.7,12.2,85.1,0.0,9,0.0
2008.75,31.1,22.7,12.4,5.6,45.2,0.0,9,0.0
2008.8333333333333,25.6,15.3,5.1,-2.8,49.8,0.0,12,0.0
2008.9166666666667,23.3,5.3,-2.3,-12.8,29.0,109.2,9,5.0
2009.0,5.0,-5.0,-15.6,-25.0,29.2,442.0,14,15.0
2009.0833333333333,7.8,-8.4,-17.9,-30.0,14.5,213.4,9,9.0
2009.1666666666667,8.3,-1.6,-10.9,-20.6,23.6,276.9,6,5.0
2009.25,19.4,5.1,-4.9,-20.0,38.1,38.1,6,2.0
2009.3333333333333,29.4,14.1,3.2,-3.3,39.9,63.5,8,3.0
2009.4166666666667,36.1,22.0,10.0,3.3,13.5,0.0,6,0.0
2009.5,35.0,24.8,14.8,7.8,72.6,0.0,12,0.0
2009.5833333333333,31.7,26.4,15.9,11.7,55.1,0.0,12,0.0
2009.6666666666667,32.2,25.6,16.0,9.4,163.3,0.0,10,0.0
2009.75,28.9,24.5,13.9,3.9,11.7,0.0,3,0.0
2009.8333333333333,17.8,9.5,2.9,-3.3,141.5,71.1,17,2.0
2009.9166666666667,17.8,10.6,1.3,-4.4,9.7,0.0,7,0.0
2010.0,8.3,-4.9,-11.5,-20.6,46.5,530.9,10,13.0
2010.0833333333333,2.2,-6.6,-14.4,-26.1,11.4,78.7,6,2.0
2010.1666666666667,3.3,-2.2,-11.5,-17.8,19.0,353.1,9,11.0
2010.25,24.4,10.0,0.0,-7.2,17.5,0.0,6,0.0
2010.3333333333333,27.2,18.6,6.9,0.0,58.9,0.0,9,0.0
2010.4166666666667,35.0,21.4,10.5,0.0,63.5,0.0,11,0.0
2010.5,32.8,25.3,16.1,11.1,158.8,0.0,16,0.0
2010.5833333333333,34.4,29.7,19.5,16.1,77.0,0.0,11,0.0
2010.6666666666667,35.6,30.1,19.9,13.3,124.7,0.0,6,0.0
2010.75,26.7,20.5,10.9,5.0,140.2,0.0,10,0.0
2010.8333333333333,30.6,17.8,6.6,-2.2,40.9,0.0,5,0.0
2010.9166666666667,20.6,5.8,-2.2,-14.4,52.6,248.9,11,6.0
2011.0,5.6,-5.3,-12.0,-22.2,70.9,853.4,12,11.0
2011.0833333333333,0.0,-7.6,-14.6,-26.7,25.4,431.8,16,18.0
2011.1666666666667,11.1,-2.8,-11.9,-23.9,28.4,408.9,8,7.0
2011.25,11.7,3.0,-5.9,-19.4,52.3,208.3,11,7.0
2011.3333333333333,24.4,12.9,2.9,-1.1,71.1,48.3,12,2.0
2011.4166666666667,31.1,19.6,9.8,0.0,102.6,0.0,16,0.0
2011.5,39.4,26.0,15.7,11.1,134.1,0.0,11,0.0
2011.5833333333333,37.2,31.0,20.9,16.1,132.8,0.0,10,0.0
2011.6666666666667,31.1,28.0,18.2,14.4,77.0,0.0,9,0.0
2011.75,34.4,22.5,11.8,2.2,9.1,0.0,5,0.0
2011.8333333333333,31.1,18.3,7.7,-0.6,17.8,0.0,5,0.0
2011.9166666666667,17.8,8.3,-0.3,-8.9,7.6,76.2,3,1.0
2012.0,11.1,1.3,-6.0,-15.0,25.1,185.4,10,9.0
2012.0833333333333,11.1,-0.7,-9.0,-23.9,9.1,116.8,8,8.0
2012.1666666666667,7.8,1.6,-6.3,-17.2,43.4,154.9,7,8.0
2012.25,26.7,14.2,4.0,-13.3,35.6,33.0,12,3.0
2012.3333333333333,23.9,15.3,4.7,-2.8,77.2,0.0,13,0.0
2012.4166666666667,33.9,23.1,12.1,7.8,237.2,0.0,15,0.0
2012.5,33.9,28.0,16.8,7.8,91.2,0.0,9,0.0
2012.5833333333333,38.9,32.2,21.3,17.8,124.5,0.0,9,0.0
2012.6666666666667,33.9,27.8,16.6,10.0,35.1,0.0,10,0.0
2012.75,35.0,24.6,10.9,2.2,7.6,0.0,3,0.0
2012.8333333333333,25.6,13.5,3.7,-3.9,33.0,0.0,7,0.0
2012.9166666666667,20.6,7.6,-1.9,-12.2,16.0,20.3,7,3.0
2013.0,12.8,-0.8,-8.8,-17.8,41.7,381.0,9,10.0
2013.0833333333333,5.0,-3.9,-12.9,-24.4,21.8,116.8,7,6.0
2013.1666666666667,3.9,-3.2,-11.2,-25.0,33.8,383.5,11,12.0
2013.25,13.3,1.5,-6.8,-15.0,51.8,350.5,8,5.0
2013.3333333333333,27.2,9.2,0.7,-7.2,132.6,454.7,18,10.0
2013.4166666666667,36.7,19.8,9.4,0.0,158.5,12.7,18,1.0
2013.5,32.8,25.0,15.9,10.0,131.3,0.0,13,0.0
2013.5833333333333,34.4,28.9,18.8,11.7,89.2,0.0,7,0.0
2013.6666666666667,36.1,29.0,18.5,13.3,52.6,0.0,4,0.0
2013.75,34.4,25.1,14.0,6.7,34.3,0.0,8,0.0
2013.8333333333333,25.6,13.9,5.1,-3.3,76.2,0.0,15,0.0
2013.9166666666667,13.3,5.1,-3.7,-13.9,13.2,27.9,5,2.0
2014.0,8.3,-6.7,-15.1,-25.0,37.1,403.9,15,16.0
2014.0833333333333,4.4,-7.5,-19.2,-30.6,36.1,576.6,14,13.0
2014.1666666666667,6.7,-8.1,-17.9,-25.6,35.8,467.4,7,8.0
2014.25,15.6,1.1,-8.3,-26.1,20.8,119.4,7,6.0
2014.3333333333333,23.3,10.8,1.1,-7.8,159.3,177.8,15,4.0
2014.4166666666667,30.6,19.9,9.6,2.2,115.6,0.0,10,0.0
2014.5,29.4,25.5,16.1,9.4,288.5,0.0,14,0.0
2014.5833333333333,33.3,27.0,16.9,12.2,57.7,0.0,9,0.0
2014.6666666666667,31.7,27.7,18.2,13.3,73.7,0.0,12,0.0
2014.75,30.0,22.3,11.8,3.9,23.4,0.0,8,0.0
2014.8333333333333,22.2,14.6,4.4,-3.3,44.4,0.0,6,0.0
2014.9166666666667,13.3,0.2,-7.5,-20.0,22.1,238.8,12,9.0
2015.0,10.6,-1.3,-7.3,-21.7,21.8,142.2,10,6.0
2015.0833333333333,7.2,-3.5,-11.0,-23.9,8.6,137.2,8,10.0
2015.1666666666667,2.2,-7.0,-16.2,-23.9,8.9,124.5,10,10.0
2015.25,21.1,7.4,-3.5,-21.7,17.0,172.7,5,5.0
2015.3333333333333,28.9,15.5,4.2,-2.8,61.5,7.6,12,2.0
2015.4166666666667,28.9,20.3,9.9,2.8,90.2,0.0,15,0.0
2015.5,33.3,25.9,16.0,11.1,111.8,0.0,12,0.0
2015.5833333333333,32.2,28.0,17.9,12.2,185.9,0.0,9,0.0
2015.6666666666667,34.4,26.3,16.8,10.6,75.9,0.0,10,0.0
2015.75,31.7,24.7,15.2,6.1,118.1,0.0,13,0.0
2015.8333333333333,29.4,16.1,6.2,-0.6,66.3,0.0,10,0.0
2015.9166666666667,21.7,9.5,0.9,-10.0,114.8,129.5,8,2.0
2016.0,8.3,1.7,-3.8,-13.9,58.9,241.3,13,8.0
2016.0833333333333,6.1,-4.4,-11.6,-25.6,7.9,104.1,11,9.0
2016.1666666666667,14.4,-0.1,-7.7,-21.1,27.7,307.3,9,8.0
2016.25,21.1,9.6,0.6,-10.6,57.4,137.2,12,3.0
2016.3333333333333,26.7,13.8,4.0,-6.7,72.1,12.7,12,1.0
2016.4166666666667,33.3,21.8,10.8,1.1,61.5,0.0,9,0.0
2016.5,35.6,27.0,16.7,10.0,114.0,0.0,11,0.0
2016.5833333333333,36.1,28.9,19.1,11.1,129.3,0.0,12,0.0
2016.6666666666667,32.8,27.7,18.2,13.3,198.6,0.0,12,0.0
2016.75,28.9,23.3,14.6,7.8,138.9,0.0,14,0.0
2016.8333333333333,24.4,16.2,7.0,2.2,86.6,0.0,11,0.0
2016.9166666666667,22.8,11.1,2.4,-5.6,75.7,58.4,8,3.0
2017.0,6.1,-2.8,-9.5,-28.9,54.4,401.3,8,6.0
2017.0833333333333,5.6,-2.7,-9.6,-22.8,24.9,213.4,11,6.0
2017.1666666666667,17.2,4.5,-5.4,-17.2,16.3,7.6,3,1.0
2017.25,18.3,5.6,-3.4,-15.0,17.3,119.4,10,4.0
2017.3333333333333,22.8,15.2,5.4,0.0,113.0,12.7,14,1.0
2017.4166666666667,28.9,19.8,9.6,1.7,121.9,0.0,14,0.0
2017.5,35.6,27.4,16.3,9.4,107.4,0.0,11,0.0
2017.5833333333333,35.6,29.3,18.8,14.4,79.2,0.0,8,0.0
2017.6666666666667,31.7,25.0,15.8,12.2,171.4,0.0,16,0.0
2017.75,34.4,25.0,14.2,7.8,26.4,0.0,6,0.0
2017.8333333333333,25.6,15.3,6.2,-2.8,114.0,2.5,10,1.0
2017.9166666666667,15.6,5.6,-3.3,-11.7,9.9,15.2,7,2.0
2018.0,13.9,-3.8,-10.8,-26.7,20.1,162.6,10,10.0
2018.0833333333333,8.3,-4.0,-13.1,-25.6,39.4,518.2,5,6.0
2018.1666666666667,8.3,-3.8,-14.0,-21.7,33.8,403.9,9,8.0
2018.25,11.1,4.6,-4.1,-11.1,30.2,223.5,8,7.0
2018.3333333333333,28.9,8.6,-2.4,-13.3,56.1,662.9,8,8.0
2018.4166666666667,37.8,25.8,14.0,6.7,75.9,0.0,14,0.0
2018.5,37.2,27.1,18.1,13.3,96.0,0.0,12,0.0
2018.5833333333333,35.0,29.0,18.8,14.4,112.8,0.0,9,0.0
2018.6666666666667,33.3,28.3,18.3,11.1,71.9,0.0,8,0.0
2018.75,33.3,22.9,13.9,2.2,174.5,0.0,11,0.0
2018.8333333333333,26.1,11.8,3.5,-2.2,86.4,7.6,14,1.0
2018.9166666666667,10.6,1.2,-5.4,-14.4,36.8,101.6,13,7.0
2019.0,7.8,-0.2,-6.7,-14.4,38.9,170.2,8,10.0
2019.0833333333333,8.3,-5.7,-14.0,-33.3,11.4,172.7,5,7.0
2019.1666666666667,3.9,-6.0,-15.3,-24.4,65.3,990.6,15,13.0
2019.25,17.8,2.9,-6.8,-25.0,50.8,266.7,7,5.0
2019.3333333333333,25.6,12.9,2.9,-4.4,99.3,248.9,10,3.0
2019.4166666666667,31.1,18.5,7.7,1.7,169.7,0.0,15,0.0
2019.5,32.2,26.2,15.7,8.9,69.1,0.0,10,0.0
2019.5833333333333,35.0,28.8,19.4,15.0,164.6,0.0,13,0.0
2019.6666666666667,31.1,26.3,17.0,11.7,159.5,0.0,12,0.0
2019.75,31.1,23.7,14.8,7.2,99.6,0.0,12,0.0
2019.8333333333333,22.8,11.8,3.9,-5.0,102.9,0.0,14,0.0
2019.9166666666667,7.8,2.4,-3.7,-15.0,57.9,363.2,14,11.0
2020.0,6.7,-0.9,-8.9,-20.6,46.5,287.0,7,6.0
2020.0833333333333,3.3,-2.6,-10.1,-22.8,24.6,248.9,12,9.0
2020.1666666666667,7.8,-1.2,-10.9,-24.4,14.7,190.5,4,4.0
2020.25,16.1,7.3,-1.0,-6.7,61.2,33.0,10,3.0
2020.3333333333333,23.3,13.0,1.6,-7.2,45.7,185.4,10,3.0
2020.4166666666667,27.2,19.5,10.1,1.1,123.2,0.0,9,0.0
2020.5,35.6,28.3,17.1,11.7,170.7,0.0,13,0.0
2020.5833333333333,33.9,29.6,19.3,13.9,81.0,0.0,10,0.0
2020.6666666666667,33.3,27.9,17.8,12.2,101.1,0.0,13,0.0
2020.75,29.4,21.3,11.2,3.3,22.4,0.0,11,0.0
2020.8333333333333,26.7,10.6,2.3,-8.9,61.0,236.2,11,4.0
2020.9166666666667,23.9,8.4,-1.0,-10.6,32.8,223.5,7,3.0
2021.0,11.1,0.5,-8.0,-20.6,19.3,315.0,7,6.0
2021.0833333333333,3.9,-2.1,-8.9,-17.2,22.1,198.1,7,6.0
2021.1666666666667,8.3,-7.4,-15.2,-28.3,13.2,149.9,10,10.0
2021.25,22.8,10.1,-0.6,-10.6,71.6,101.6,8,3.0
2021.3333333333333,29.4,14.0,3.4,-6.7,63.5,12.7,12,2.0
2021.4166666666667,30.6,21.1,10.2,2.2,83.3,0.0,11,0.0
2021.5,37.2,30.8,19.0,10.6,52.3,0.0,5,0.0
2021.5833333333333,35.6,30.0,18.9,12.2,22.1,0.0,6,0.0
2021.6666666666667,32.8,28.4,18.4,13.3,174.8,0.0,11,0.0
2021.75,32.2,24.8,13.5,6.7,37.6,0.0,6,0.0
2021.8333333333333,26.1,17.7,8.5,-0.6,47.8,0.0,8,0.0
2021.9166666666667,19.4,7.1,-1.5,-10.0,21.6,30.5,5,1.0
2022.0,14.4,0.3,-8.7,-21.7,49.5,546.1,15,12.0
2022.0833333333333,5.6,-6.5,-17.2,-27.2,16.3,266.7,8,6.0
2022.1666666666667,6.7,-4.1,-15.4,-22.8,19.8,261.6,10,10.0
